source_row,split,target
1,model_development,Dropout
2,model_development,Graduate
3,historical_holdout,Dropout
4,model_development,Graduate
5,model_development,Graduate
6,model_development,Graduate
7,model_development,Graduate
8,policy_validation,Dropout
9,model_development,Graduate
10,policy_validation,Dropout
11,model_development,Graduate
12,model_development,Graduate
13,model_development,Dropout
14,policy_validation,Graduate
15,model_development,Graduate
16,model_development,Dropout
17,model_development,Enrolled
18,model_development,Graduate
19,historical_holdout,Graduate
20,model_development,Enrolled
21,policy_validation,Graduate
22,historical_holdout,Enrolled
23,model_development,Graduate
24,model_development,Graduate
25,model_development,Graduate
26,policy_validation,Enrolled
27,historical_holdout,Graduate
28,policy_validation,Enrolled
29,model_development,Graduate
30,model_development,Enrolled
31,historical_holdout,Enrolled
32,historical_holdout,Graduate
33,model_development,Enrolled
34,model_development,Graduate
35,model_development,Graduate
36,model_development,Dropout
37,model_development,Dropout
38,historical_holdout,Dropout
39,model_development,Graduate
40,model_development,Dropout
41,model_development,Dropout
42,historical_holdout,Graduate
43,model_development,Graduate
44,model_development,Dropout
45,policy_validation,Dropout
46,policy_validation,Enrolled
47,model_development,Graduate
48,model_development,Graduate
49,model_development,Graduate
50,model_development,Graduate
51,model_development,Graduate
52,policy_validation,Enrolled
53,historical_holdout,Enrolled
54,model_development,Graduate
55,historical_holdout,Dropout
56,model_development,Graduate
57,historical_holdout,Dropout
58,model_development,Dropout
59,model_development,Graduate
60,policy_validation,Enrolled
61,model_development,Graduate
62,model_development,Graduate
63,model_development,Enrolled
64,model_development,Enrolled
65,model_development,Enrolled
66,model_development,Dropout
67,model_development,Graduate
68,model_development,Graduate
69,policy_validation,Dropout
70,model_development,Enrolled
71,policy_validation,Enrolled
72,model_development,Graduate
73,policy_validation,Dropout
74,model_development,Dropout
75,historical_holdout,Graduate
76,historical_holdout,Dropout
77,historical_holdout,Dropout
78,historical_holdout,Graduate
79,policy_validation,Graduate
80,policy_validation,Graduate
81,model_development,Dropout
82,model_development,Dropout
83,model_development,Dropout
84,model_development,Enrolled
85,historical_holdout,Graduate
86,historical_holdout,Graduate
87,model_development,Graduate
88,model_development,Graduate
89,policy_validation,Enrolled
90,historical_holdout,Enrolled
91,model_development,Dropout
92,model_development,Graduate
93,historical_holdout,Dropout
94,model_development,Dropout
95,model_development,Graduate
96,model_development,Enrolled
97,model_development,Graduate
98,model_development,Graduate
99,model_development,Enrolled
100,model_development,Dropout
101,model_development,Dropout
102,model_development,Graduate
103,model_development,Dropout
104,policy_validation,Graduate
105,model_development,Dropout
106,model_development,Graduate
107,model_development,Dropout
108,policy_validation,Dropout
109,historical_holdout,Dropout
110,model_development,Enrolled
111,model_development,Graduate
112,model_development,Enrolled
113,model_development,Graduate
114,model_development,Graduate
115,model_development,Dropout
116,model_development,Enrolled
117,model_development,Enrolled
118,model_development,Enrolled
119,model_development,Graduate
120,model_development,Graduate
121,model_development,Dropout
122,model_development,Graduate
123,historical_holdout,Dropout
124,policy_validation,Graduate
125,model_development,Graduate
126,model_development,Dropout
127,model_development,Graduate
128,model_development,Enrolled
129,model_development,Graduate
130,model_development,Graduate
131,model_development,Dropout
132,policy_validation,Graduate
133,model_development,Graduate
134,historical_holdout,Dropout
135,model_development,Graduate
136,model_development,Dropout
137,model_development,Graduate
138,model_development,Graduate
139,historical_holdout,Enrolled
140,policy_validation,Graduate
141,model_development,Graduate
142,policy_validation,Graduate
143,model_development,Enrolled
144,policy_validation,Graduate
145,historical_holdout,Graduate
146,model_development,Graduate
147,model_development,Dropout
148,model_development,Dropout
149,policy_validation,Graduate
150,model_development,Graduate
151,historical_holdout,Enrolled
152,policy_validation,Graduate
153,policy_validation,Enrolled
154,model_development,Graduate
155,policy_validation,Dropout
156,policy_validation,Dropout
157,historical_holdout,Graduate
158,model_development,Graduate
159,model_development,Graduate
160,model_development,Graduate
161,policy_validation,Dropout
162,model_development,Graduate
163,policy_validation,Graduate
164,model_development,Dropout
165,policy_validation,Graduate
166,model_development,Graduate
167,policy_validation,Enrolled
168,historical_holdout,Graduate
169,historical_holdout,Graduate
170,policy_validation,Dropout
171,model_development,Enrolled
172,policy_validation,Graduate
173,model_development,Graduate
174,model_development,Graduate
175,model_development,Dropout
176,model_development,Enrolled
177,historical_holdout,Graduate
178,model_development,Dropout
179,policy_validation,Dropout
180,model_development,Dropout
181,model_development,Graduate
182,model_development,Enrolled
183,historical_holdout,Dropout
184,model_development,Dropout
185,model_development,Dropout
186,policy_validation,Dropout
187,historical_holdout,Enrolled
188,model_development,Graduate
189,model_development,Dropout
190,historical_holdout,Graduate
191,model_development,Graduate
192,historical_holdout,Enrolled
193,policy_validation,Dropout
194,policy_validation,Dropout
195,policy_validation,Graduate
196,policy_validation,Dropout
197,model_development,Graduate
198,model_development,Dropout
199,model_development,Graduate
200,historical_holdout,Enrolled
201,model_development,Graduate
202,historical_holdout,Graduate
203,policy_validation,Graduate
204,model_development,Graduate
205,model_development,Graduate
206,historical_holdout,Graduate
207,model_development,Graduate
208,policy_validation,Graduate
209,historical_holdout,Graduate
210,policy_validation,Dropout
211,model_development,Graduate
212,model_development,Graduate
213,policy_validation,Graduate
214,policy_validation,Dropout
215,historical_holdout,Graduate
216,historical_holdout,Enrolled
217,historical_holdout,Graduate
218,historical_holdout,Dropout
219,model_development,Dropout
220,policy_validation,Dropout
221,model_development,Graduate
222,model_development,Graduate
223,policy_validation,Dropout
224,policy_validation,Graduate
225,model_development,Graduate
226,model_development,Graduate
227,historical_holdout,Graduate
228,model_development,Graduate
229,model_development,Dropout
230,model_development,Graduate
231,historical_holdout,Graduate
232,policy_validation,Dropout
233,model_development,Graduate
234,historical_holdout,Graduate
235,model_development,Dropout
236,model_development,Graduate
237,model_development,Graduate
238,model_development,Graduate
239,model_development,Dropout
240,model_development,Dropout
241,policy_validation,Enrolled
242,model_development,Enrolled
243,historical_holdout,Graduate
244,policy_validation,Dropout
245,historical_holdout,Graduate
246,historical_holdout,Graduate
247,policy_validation,Graduate
248,model_development,Dropout
249,historical_holdout,Graduate
250,model_development,Graduate
251,model_development,Enrolled
252,model_development,Dropout
253,historical_holdout,Graduate
254,policy_validation,Enrolled
255,policy_validation,Graduate
256,model_development,Dropout
257,historical_holdout,Graduate
258,model_development,Enrolled
259,policy_validation,Graduate
260,model_development,Dropout
261,historical_holdout,Graduate
262,model_development,Dropout
263,model_development,Dropout
264,model_development,Graduate
265,model_development,Graduate
266,model_development,Graduate
267,model_development,Graduate
268,model_development,Graduate
269,model_development,Graduate
270,model_development,Graduate
271,policy_validation,Graduate
272,model_development,Dropout
273,model_development,Graduate
274,historical_holdout,Graduate
275,historical_holdout,Graduate
276,model_development,Graduate
277,policy_validation,Dropout
278,model_development,Dropout
279,historical_holdout,Enrolled
280,model_development,Graduate
281,model_development,Graduate
282,model_development,Graduate
283,model_development,Graduate
284,policy_validation,Graduate
285,model_development,Graduate
286,model_development,Graduate
287,historical_holdout,Enrolled
288,policy_validation,Graduate
289,model_development,Graduate
290,historical_holdout,Graduate
291,policy_validation,Graduate
292,historical_holdout,Graduate
293,policy_validation,Enrolled
294,model_development,Graduate
295,model_development,Dropout
296,historical_holdout,Graduate
297,model_development,Graduate
298,model_development,Graduate
299,model_development,Graduate
300,model_development,Graduate
301,historical_holdout,Graduate
302,model_development,Graduate
303,policy_validation,Graduate
304,policy_validation,Dropout
305,model_development,Dropout
306,model_development,Enrolled
307,policy_validation,Graduate
308,policy_validation,Dropout
309,historical_holdout,Graduate
310,historical_holdout,Dropout
311,policy_validation,Graduate
312,model_development,Dropout
313,policy_validation,Graduate
314,model_development,Graduate
315,model_development,Dropout
316,model_development,Graduate
317,policy_validation,Graduate
318,model_development,Graduate
319,model_development,Graduate
320,model_development,Enrolled
321,model_development,Dropout
322,model_development,Graduate
323,model_development,Graduate
324,historical_holdout,Graduate
325,model_development,Enrolled
326,model_development,Graduate
327,model_development,Graduate
328,model_development,Graduate
329,model_development,Enrolled
330,model_development,Enrolled
331,historical_holdout,Enrolled
332,historical_holdout,Dropout
333,model_development,Graduate
334,historical_holdout,Graduate
335,model_development,Graduate
336,historical_holdout,Graduate
337,model_development,Graduate
338,policy_validation,Graduate
339,policy_validation,Graduate
340,model_development,Graduate
341,policy_validation,Enrolled
342,policy_validation,Dropout
343,policy_validation,Graduate
344,model_development,Graduate
345,model_development,Enrolled
346,policy_validation,Graduate
347,policy_validation,Enrolled
348,policy_validation,Graduate
349,model_development,Graduate
350,policy_validation,Enrolled
351,policy_validation,Dropout
352,historical_holdout,Graduate
353,model_development,Dropout
354,model_development,Graduate
355,historical_holdout,Dropout
356,historical_holdout,Graduate
357,historical_holdout,Graduate
358,model_development,Dropout
359,model_development,Enrolled
360,model_development,Dropout
361,policy_validation,Graduate
362,historical_holdout,Dropout
363,model_development,Enrolled
364,model_development,Graduate
365,historical_holdout,Enrolled
366,model_development,Graduate
367,model_development,Graduate
368,historical_holdout,Enrolled
369,policy_validation,Graduate
370,model_development,Dropout
371,historical_holdout,Graduate
372,policy_validation,Enrolled
373,model_development,Graduate
374,model_development,Graduate
375,model_development,Dropout
376,model_development,Enrolled
377,model_development,Dropout
378,policy_validation,Graduate
379,policy_validation,Enrolled
380,policy_validation,Enrolled
381,model_development,Dropout
382,policy_validation,Enrolled
383,model_development,Enrolled
384,historical_holdout,Graduate
385,model_development,Graduate
386,model_development,Graduate
387,model_development,Graduate
388,historical_holdout,Graduate
389,model_development,Enrolled
390,model_development,Graduate
391,policy_validation,Enrolled
392,model_development,Enrolled
393,historical_holdout,Dropout
394,policy_validation,Dropout
395,policy_validation,Graduate
396,model_development,Graduate
397,policy_validation,Graduate
398,model_development,Graduate
399,model_development,Dropout
400,policy_validation,Dropout
401,model_development,Enrolled
402,model_development,Enrolled
403,model_development,Enrolled
404,model_development,Enrolled
405,policy_validation,Graduate
406,model_development,Graduate
407,model_development,Graduate
408,model_development,Graduate
409,historical_holdout,Graduate
410,policy_validation,Dropout
411,policy_validation,Graduate
412,model_development,Graduate
413,policy_validation,Graduate
414,historical_holdout,Graduate
415,historical_holdout,Graduate
416,model_development,Graduate
417,historical_holdout,Graduate
418,model_development,Dropout
419,historical_holdout,Graduate
420,model_development,Dropout
421,historical_holdout,Graduate
422,historical_holdout,Graduate
423,model_development,Dropout
424,historical_holdout,Graduate
425,model_development,Graduate
426,model_development,Graduate
427,policy_validation,Graduate
428,policy_validation,Enrolled
429,model_development,Dropout
430,historical_holdout,Graduate
431,model_development,Graduate
432,historical_holdout,Graduate
433,model_development,Graduate
434,historical_holdout,Dropout
435,model_development,Graduate
436,model_development,Graduate
437,model_development,Enrolled
438,model_development,Graduate
439,model_development,Dropout
440,policy_validation,Graduate
441,model_development,Enrolled
442,model_development,Enrolled
443,model_development,Graduate
444,policy_validation,Graduate
445,model_development,Graduate
446,policy_validation,Graduate
447,historical_holdout,Graduate
448,model_development,Dropout
449,policy_validation,Graduate
450,model_development,Enrolled
451,historical_holdout,Graduate
452,policy_validation,Graduate
453,model_development,Graduate
454,model_development,Graduate
455,model_development,Enrolled
456,model_development,Graduate
457,model_development,Dropout
458,model_development,Dropout
459,model_development,Graduate
460,historical_holdout,Graduate
461,model_development,Graduate
462,model_development,Graduate
463,policy_validation,Graduate
464,historical_holdout,Graduate
465,historical_holdout,Enrolled
466,policy_validation,Dropout
467,model_development,Enrolled
468,policy_validation,Graduate
469,policy_validation,Graduate
470,policy_validation,Graduate
471,model_development,Graduate
472,model_development,Graduate
473,model_development,Dropout
474,model_development,Graduate
475,model_development,Dropout
476,historical_holdout,Graduate
477,policy_validation,Dropout
478,historical_holdout,Dropout
479,model_development,Graduate
480,model_development,Enrolled
481,model_development,Graduate
482,model_development,Graduate
483,historical_holdout,Dropout
484,model_development,Enrolled
485,historical_holdout,Graduate
486,historical_holdout,Graduate
487,policy_validation,Dropout
488,model_development,Dropout
489,model_development,Graduate
490,model_development,Graduate
491,policy_validation,Graduate
492,model_development,Graduate
493,historical_holdout,Graduate
494,model_development,Enrolled
495,policy_validation,Enrolled
496,policy_validation,Dropout
497,model_development,Dropout
498,model_development,Graduate
499,model_development,Graduate
500,historical_holdout,Graduate
501,policy_validation,Enrolled
502,model_development,Graduate
503,historical_holdout,Enrolled
504,model_development,Dropout
505,model_development,Graduate
506,model_development,Enrolled
507,policy_validation,Enrolled
508,policy_validation,Graduate
509,model_development,Dropout
510,model_development,Dropout
511,historical_holdout,Enrolled
512,historical_holdout,Dropout
513,model_development,Graduate
514,model_development,Dropout
515,policy_validation,Dropout
516,model_development,Dropout
517,model_development,Graduate
518,historical_holdout,Dropout
519,model_development,Dropout
520,model_development,Dropout
521,model_development,Graduate
522,model_development,Graduate
523,policy_validation,Graduate
524,model_development,Graduate
525,policy_validation,Dropout
526,model_development,Dropout
527,model_development,Enrolled
528,policy_validation,Graduate
529,model_development,Dropout
530,model_development,Dropout
531,model_development,Enrolled
532,model_development,Dropout
533,model_development,Graduate
534,model_development,Dropout
535,model_development,Graduate
536,model_development,Graduate
537,historical_holdout,Dropout
538,policy_validation,Graduate
539,policy_validation,Graduate
540,model_development,Dropout
541,historical_holdout,Graduate
542,policy_validation,Enrolled
543,model_development,Graduate
544,model_development,Graduate
545,model_development,Enrolled
546,model_development,Enrolled
547,policy_validation,Enrolled
548,historical_holdout,Enrolled
549,model_development,Enrolled
550,model_development,Graduate
551,policy_validation,Dropout
552,historical_holdout,Dropout
553,model_development,Dropout
554,model_development,Dropout
555,model_development,Dropout
556,historical_holdout,Dropout
557,policy_validation,Enrolled
558,model_development,Graduate
559,model_development,Enrolled
560,policy_validation,Graduate
561,model_development,Graduate
562,model_development,Enrolled
563,historical_holdout,Dropout
564,model_development,Graduate
565,model_development,Graduate
566,historical_holdout,Graduate
567,historical_holdout,Dropout
568,policy_validation,Dropout
569,model_development,Graduate
570,model_development,Graduate
571,historical_holdout,Graduate
572,model_development,Dropout
573,policy_validation,Dropout
574,model_development,Enrolled
575,model_development,Graduate
576,model_development,Dropout
577,policy_validation,Graduate
578,model_development,Enrolled
579,model_development,Graduate
580,model_development,Graduate
581,model_development,Dropout
582,model_development,Graduate
583,model_development,Enrolled
584,model_development,Graduate
585,model_development,Graduate
586,model_development,Graduate
587,policy_validation,Graduate
588,model_development,Graduate
589,policy_validation,Graduate
590,model_development,Graduate
591,policy_validation,Graduate
592,historical_holdout,Enrolled
593,policy_validation,Graduate
594,model_development,Enrolled
595,model_development,Enrolled
596,model_development,Dropout
597,policy_validation,Dropout
598,historical_holdout,Dropout
599,historical_holdout,Graduate
600,model_development,Graduate
601,historical_holdout,Dropout
602,model_development,Dropout
603,model_development,Graduate
604,policy_validation,Graduate
605,model_development,Graduate
606,model_development,Dropout
607,policy_validation,Dropout
608,model_development,Graduate
609,policy_validation,Dropout
610,model_development,Enrolled
611,model_development,Graduate
612,historical_holdout,Graduate
613,policy_validation,Graduate
614,model_development,Enrolled
615,model_development,Graduate
616,model_development,Graduate
617,policy_validation,Graduate
618,historical_holdout,Graduate
619,historical_holdout,Graduate
620,model_development,Enrolled
621,model_development,Graduate
622,historical_holdout,Dropout
623,policy_validation,Dropout
624,policy_validation,Graduate
625,policy_validation,Dropout
626,model_development,Dropout
627,model_development,Graduate
628,policy_validation,Graduate
629,model_development,Graduate
630,historical_holdout,Graduate
631,policy_validation,Graduate
632,historical_holdout,Enrolled
633,historical_holdout,Graduate
634,historical_holdout,Graduate
635,model_development,Graduate
636,model_development,Graduate
637,model_development,Graduate
638,historical_holdout,Enrolled
639,model_development,Graduate
640,model_development,Dropout
641,model_development,Dropout
642,historical_holdout,Enrolled
643,model_development,Enrolled
644,model_development,Enrolled
645,model_development,Dropout
646,policy_validation,Enrolled
647,policy_validation,Enrolled
648,model_development,Graduate
649,model_development,Graduate
650,model_development,Graduate
651,model_development,Graduate
652,historical_holdout,Enrolled
653,historical_holdout,Graduate
654,model_development,Graduate
655,historical_holdout,Graduate
656,policy_validation,Enrolled
657,model_development,Enrolled
658,model_development,Graduate
659,historical_holdout,Graduate
660,model_development,Dropout
661,policy_validation,Graduate
662,model_development,Enrolled
663,historical_holdout,Graduate
664,model_development,Graduate
665,historical_holdout,Graduate
666,model_development,Graduate
667,model_development,Dropout
668,historical_holdout,Graduate
669,model_development,Dropout
670,model_development,Graduate
671,model_development,Graduate
672,model_development,Dropout
673,policy_validation,Graduate
674,historical_holdout,Graduate
675,model_development,Graduate
676,model_development,Dropout
677,policy_validation,Graduate
678,historical_holdout,Enrolled
679,policy_validation,Dropout
680,model_development,Graduate
681,historical_holdout,Graduate
682,model_development,Graduate
683,policy_validation,Dropout
684,model_development,Dropout
685,model_development,Graduate
686,policy_validation,Graduate
687,model_development,Dropout
688,model_development,Graduate
689,model_development,Graduate
690,model_development,Dropout
691,policy_validation,Dropout
692,model_development,Graduate
693,model_development,Enrolled
694,model_development,Dropout
695,model_development,Graduate
696,model_development,Dropout
697,historical_holdout,Graduate
698,model_development,Enrolled
699,model_development,Graduate
700,historical_holdout,Dropout
701,policy_validation,Enrolled
702,historical_holdout,Dropout
703,model_development,Dropout
704,historical_holdout,Dropout
705,model_development,Graduate
706,model_development,Dropout
707,model_development,Graduate
708,historical_holdout,Graduate
709,model_development,Graduate
710,model_development,Dropout
711,model_development,Dropout
712,model_development,Dropout
713,model_development,Graduate
714,historical_holdout,Graduate
715,model_development,Graduate
716,policy_validation,Graduate
717,model_development,Dropout
718,model_development,Dropout
719,model_development,Enrolled
720,model_development,Enrolled
721,model_development,Dropout
722,policy_validation,Enrolled
723,policy_validation,Graduate
724,historical_holdout,Dropout
725,policy_validation,Dropout
726,model_development,Graduate
727,model_development,Graduate
728,model_development,Dropout
729,historical_holdout,Graduate
730,model_development,Enrolled
731,historical_holdout,Dropout
732,historical_holdout,Graduate
733,model_development,Graduate
734,model_development,Graduate
735,historical_holdout,Dropout
736,model_development,Graduate
737,model_development,Enrolled
738,historical_holdout,Dropout
739,historical_holdout,Enrolled
740,model_development,Dropout
741,policy_validation,Dropout
742,model_development,Graduate
743,historical_holdout,Dropout
744,historical_holdout,Dropout
745,historical_holdout,Graduate
746,historical_holdout,Dropout
747,model_development,Dropout
748,historical_holdout,Graduate
749,model_development,Dropout
750,model_development,Graduate
751,historical_holdout,Graduate
752,model_development,Graduate
753,model_development,Graduate
754,model_development,Dropout
755,policy_validation,Graduate
756,model_development,Dropout
757,model_development,Dropout
758,model_development,Dropout
759,policy_validation,Graduate
760,historical_holdout,Graduate
761,historical_holdout,Graduate
762,policy_validation,Enrolled
763,model_development,Graduate
764,model_development,Enrolled
765,model_development,Graduate
766,model_development,Enrolled
767,model_development,Enrolled
768,policy_validation,Graduate
769,policy_validation,Graduate
770,model_development,Graduate
771,historical_holdout,Graduate
772,model_development,Dropout
773,model_development,Enrolled
774,historical_holdout,Graduate
775,policy_validation,Enrolled
776,model_development,Dropout
777,historical_holdout,Graduate
778,historical_holdout,Dropout
779,historical_holdout,Enrolled
780,policy_validation,Graduate
781,model_development,Graduate
782,model_development,Dropout
783,historical_holdout,Graduate
784,model_development,Enrolled
785,model_development,Graduate
786,model_development,Graduate
787,model_development,Graduate
788,model_development,Graduate
789,policy_validation,Dropout
790,policy_validation,Graduate
791,model_development,Graduate
792,historical_holdout,Dropout
793,model_development,Graduate
794,model_development,Graduate
795,policy_validation,Graduate
796,model_development,Graduate
797,historical_holdout,Graduate
798,model_development,Graduate
799,policy_validation,Graduate
800,historical_holdout,Enrolled
801,model_development,Enrolled
802,model_development,Dropout
803,model_development,Graduate
804,policy_validation,Graduate
805,model_development,Graduate
806,model_development,Enrolled
807,historical_holdout,Graduate
808,historical_holdout,Enrolled
809,model_development,Dropout
810,historical_holdout,Enrolled
811,policy_validation,Dropout
812,policy_validation,Graduate
813,model_development,Graduate
814,model_development,Graduate
815,model_development,Graduate
816,historical_holdout,Enrolled
817,policy_validation,Enrolled
818,model_development,Graduate
819,policy_validation,Enrolled
820,model_development,Graduate
821,historical_holdout,Graduate
822,model_development,Graduate
823,model_development,Enrolled
824,model_development,Graduate
825,model_development,Graduate
826,model_development,Graduate
827,model_development,Dropout
828,model_development,Graduate
829,model_development,Graduate
830,policy_validation,Dropout
831,historical_holdout,Dropout
832,model_development,Dropout
833,model_development,Enrolled
834,model_development,Dropout
835,model_development,Dropout
836,model_development,Enrolled
837,historical_holdout,Dropout
838,historical_holdout,Enrolled
839,historical_holdout,Dropout
840,historical_holdout,Graduate
841,model_development,Dropout
842,model_development,Enrolled
843,model_development,Dropout
844,historical_holdout,Graduate
845,policy_validation,Graduate
846,policy_validation,Dropout
847,policy_validation,Graduate
848,model_development,Graduate
849,model_development,Enrolled
850,historical_holdout,Graduate
851,model_development,Graduate
852,model_development,Enrolled
853,historical_holdout,Graduate
854,model_development,Graduate
855,model_development,Enrolled
856,model_development,Dropout
857,model_development,Dropout
858,policy_validation,Dropout
859,model_development,Dropout
860,policy_validation,Dropout
861,model_development,Dropout
862,model_development,Dropout
863,historical_holdout,Dropout
864,model_development,Dropout
865,model_development,Dropout
866,historical_holdout,Graduate
867,model_development,Dropout
868,model_development,Dropout
869,model_development,Graduate
870,historical_holdout,Graduate
871,model_development,Graduate
872,historical_holdout,Dropout
873,model_development,Graduate
874,model_development,Enrolled
875,model_development,Graduate
876,model_development,Graduate
877,model_development,Dropout
878,model_development,Dropout
879,model_development,Graduate
880,model_development,Dropout
881,historical_holdout,Graduate
882,model_development,Graduate
883,model_development,Dropout
884,model_development,Dropout
885,policy_validation,Graduate
886,model_development,Graduate
887,model_development,Graduate
888,model_development,Graduate
889,model_development,Graduate
890,model_development,Graduate
891,historical_holdout,Graduate
892,historical_holdout,Dropout
893,model_development,Graduate
894,historical_holdout,Dropout
895,model_development,Graduate
896,model_development,Dropout
897,model_development,Graduate
898,model_development,Graduate
899,model_development,Enrolled
900,policy_validation,Graduate
901,policy_validation,Dropout
902,model_development,Graduate
903,historical_holdout,Graduate
904,model_development,Graduate
905,model_development,Dropout
906,historical_holdout,Graduate
907,model_development,Dropout
908,model_development,Graduate
909,historical_holdout,Enrolled
910,model_development,Dropout
911,policy_validation,Graduate
912,policy_validation,Graduate
913,model_development,Dropout
914,model_development,Graduate
915,model_development,Dropout
916,model_development,Graduate
917,model_development,Dropout
918,historical_holdout,Dropout
919,policy_validation,Graduate
920,historical_holdout,Graduate
921,model_development,Graduate
922,historical_holdout,Graduate
923,model_development,Dropout
924,model_development,Dropout
925,policy_validation,Enrolled
926,historical_holdout,Graduate
927,policy_validation,Dropout
928,model_development,Enrolled
929,policy_validation,Enrolled
930,model_development,Dropout
931,model_development,Enrolled
932,model_development,Graduate
933,model_development,Graduate
934,policy_validation,Dropout
935,model_development,Enrolled
936,model_development,Graduate
937,model_development,Dropout
938,model_development,Enrolled
939,policy_validation,Enrolled
940,historical_holdout,Dropout
941,model_development,Graduate
942,model_development,Graduate
943,historical_holdout,Enrolled
944,model_development,Dropout
945,model_development,Graduate
946,model_development,Graduate
947,model_development,Graduate
948,policy_validation,Dropout
949,model_development,Graduate
950,model_development,Dropout
951,historical_holdout,Graduate
952,model_development,Dropout
953,model_development,Graduate
954,model_development,Dropout
955,model_development,Dropout
956,historical_holdout,Dropout
957,model_development,Graduate
958,model_development,Graduate
959,model_development,Graduate
960,model_development,Dropout
961,model_development,Dropout
962,historical_holdout,Graduate
963,historical_holdout,Graduate
964,policy_validation,Enrolled
965,policy_validation,Graduate
966,model_development,Graduate
967,historical_holdout,Dropout
968,policy_validation,Dropout
969,model_development,Dropout
970,historical_holdout,Enrolled
971,model_development,Graduate
972,policy_validation,Dropout
973,historical_holdout,Dropout
974,historical_holdout,Graduate
975,model_development,Graduate
976,policy_validation,Enrolled
977,historical_holdout,Graduate
978,historical_holdout,Graduate
979,model_development,Dropout
980,model_development,Graduate
981,policy_validation,Dropout
982,model_development,Enrolled
983,policy_validation,Graduate
984,model_development,Enrolled
985,policy_validation,Dropout
986,historical_holdout,Graduate
987,model_development,Graduate
988,model_development,Dropout
989,historical_holdout,Dropout
990,model_development,Dropout
991,model_development,Graduate
992,model_development,Graduate
993,model_development,Dropout
994,policy_validation,Graduate
995,policy_validation,Graduate
996,model_development,Graduate
997,policy_validation,Enrolled
998,model_development,Enrolled
999,policy_validation,Graduate
1000,model_development,Dropout
1001,model_development,Dropout
1002,historical_holdout,Dropout
1003,historical_holdout,Graduate
1004,model_development,Graduate
1005,model_development,Dropout
1006,historical_holdout,Graduate
1007,historical_holdout,Graduate
1008,model_development,Graduate
1009,model_development,Graduate
1010,historical_holdout,Graduate
1011,historical_holdout,Graduate
1012,model_development,Graduate
1013,historical_holdout,Graduate
1014,historical_holdout,Dropout
1015,model_development,Graduate
1016,model_development,Graduate
1017,model_development,Dropout
1018,historical_holdout,Graduate
1019,model_development,Dropout
1020,model_development,Graduate
1021,model_development,Graduate
1022,policy_validation,Graduate
1023,model_development,Graduate
1024,model_development,Graduate
1025,model_development,Graduate
1026,model_development,Dropout
1027,policy_validation,Graduate
1028,policy_validation,Graduate
1029,model_development,Graduate
1030,policy_validation,Graduate
1031,policy_validation,Graduate
1032,historical_holdout,Enrolled
1033,policy_validation,Graduate
1034,model_development,Graduate
1035,model_development,Dropout
1036,model_development,Enrolled
1037,model_development,Dropout
1038,model_development,Graduate
1039,historical_holdout,Graduate
1040,model_development,Enrolled
1041,model_development,Graduate
1042,historical_holdout,Graduate
1043,policy_validation,Graduate
1044,model_development,Graduate
1045,historical_holdout,Graduate
1046,policy_validation,Dropout
1047,model_development,Dropout
1048,model_development,Graduate
1049,model_development,Graduate
1050,model_development,Graduate
1051,model_development,Graduate
1052,policy_validation,Graduate
1053,model_development,Dropout
1054,historical_holdout,Graduate
1055,policy_validation,Graduate
1056,policy_validation,Graduate
1057,model_development,Dropout
1058,model_development,Graduate
1059,model_development,Dropout
1060,policy_validation,Graduate
1061,policy_validation,Dropout
1062,policy_validation,Dropout
1063,model_development,Graduate
1064,model_development,Graduate
1065,model_development,Enrolled
1066,model_development,Dropout
1067,policy_validation,Graduate
1068,model_development,Graduate
1069,historical_holdout,Graduate
1070,model_development,Graduate
1071,historical_holdout,Graduate
1072,model_development,Graduate
1073,policy_validation,Enrolled
1074,model_development,Graduate
1075,model_development,Graduate
1076,historical_holdout,Graduate
1077,model_development,Dropout
1078,model_development,Dropout
1079,policy_validation,Dropout
1080,model_development,Graduate
1081,model_development,Graduate
1082,model_development,Graduate
1083,policy_validation,Enrolled
1084,model_development,Graduate
1085,policy_validation,Graduate
1086,model_development,Dropout
1087,model_development,Graduate
1088,historical_holdout,Graduate
1089,policy_validation,Enrolled
1090,model_development,Enrolled
1091,model_development,Graduate
1092,model_development,Dropout
1093,model_development,Graduate
1094,model_development,Dropout
1095,policy_validation,Graduate
1096,historical_holdout,Dropout
1097,model_development,Dropout
1098,historical_holdout,Graduate
1099,policy_validation,Graduate
1100,model_development,Graduate
1101,historical_holdout,Dropout
1102,model_development,Dropout
1103,model_development,Enrolled
1104,policy_validation,Enrolled
1105,model_development,Graduate
1106,policy_validation,Dropout
1107,model_development,Dropout
1108,historical_holdout,Graduate
1109,model_development,Dropout
1110,policy_validation,Graduate
1111,model_development,Graduate
1112,model_development,Graduate
1113,model_development,Enrolled
1114,historical_holdout,Enrolled
1115,model_development,Graduate
1116,policy_validation,Graduate
1117,policy_validation,Dropout
1118,model_development,Graduate
1119,policy_validation,Enrolled
1120,historical_holdout,Graduate
1121,model_development,Enrolled
1122,model_development,Graduate
1123,policy_validation,Graduate
1124,model_development,Graduate
1125,model_development,Graduate
1126,model_development,Graduate
1127,policy_validation,Graduate
1128,model_development,Graduate
1129,model_development,Graduate
1130,model_development,Graduate
1131,model_development,Graduate
1132,policy_validation,Graduate
1133,policy_validation,Enrolled
1134,model_development,Graduate
1135,model_development,Dropout
1136,model_development,Dropout
1137,policy_validation,Graduate
1138,model_development,Dropout
1139,model_development,Graduate
1140,historical_holdout,Graduate
1141,model_development,Graduate
1142,historical_holdout,Enrolled
1143,model_development,Dropout
1144,policy_validation,Graduate
1145,model_development,Enrolled
1146,policy_validation,Graduate
1147,model_development,Enrolled
1148,model_development,Graduate
1149,model_development,Enrolled
1150,historical_holdout,Graduate
1151,historical_holdout,Graduate
1152,policy_validation,Dropout
1153,historical_holdout,Enrolled
1154,model_development,Enrolled
1155,policy_validation,Graduate
1156,model_development,Enrolled
1157,model_development,Dropout
1158,policy_validation,Graduate
1159,historical_holdout,Graduate
1160,model_development,Graduate
1161,model_development,Graduate
1162,model_development,Enrolled
1163,policy_validation,Graduate
1164,model_development,Graduate
1165,model_development,Dropout
1166,model_development,Graduate
1167,historical_holdout,Dropout
1168,model_development,Graduate
1169,model_development,Dropout
1170,model_development,Graduate
1171,policy_validation,Graduate
1172,historical_holdout,Graduate
1173,model_development,Dropout
1174,model_development,Enrolled
1175,policy_validation,Graduate
1176,policy_validation,Dropout
1177,policy_validation,Graduate
1178,policy_validation,Graduate
1179,policy_validation,Dropout
1180,model_development,Graduate
1181,policy_validation,Dropout
1182,historical_holdout,Graduate
1183,model_development,Graduate
1184,model_development,Dropout
1185,policy_validation,Enrolled
1186,model_development,Graduate
1187,model_development,Enrolled
1188,historical_holdout,Dropout
1189,policy_validation,Graduate
1190,model_development,Graduate
1191,policy_validation,Dropout
1192,historical_holdout,Graduate
1193,policy_validation,Graduate
1194,policy_validation,Graduate
1195,model_development,Graduate
1196,model_development,Enrolled
1197,model_development,Dropout
1198,policy_validation,Dropout
1199,model_development,Graduate
1200,historical_holdout,Graduate
1201,model_development,Graduate
1202,policy_validation,Graduate
1203,model_development,Dropout
1204,model_development,Graduate
1205,policy_validation,Dropout
1206,historical_holdout,Graduate
1207,historical_holdout,Graduate
1208,model_development,Enrolled
1209,historical_holdout,Dropout
1210,model_development,Dropout
1211,historical_holdout,Dropout
1212,model_development,Enrolled
1213,historical_holdout,Graduate
1214,historical_holdout,Graduate
1215,model_development,Enrolled
1216,model_development,Graduate
1217,model_development,Graduate
1218,model_development,Graduate
1219,model_development,Graduate
1220,model_development,Graduate
1221,policy_validation,Dropout
1222,model_development,Graduate
1223,model_development,Dropout
1224,policy_validation,Graduate
1225,historical_holdout,Graduate
1226,model_development,Graduate
1227,policy_validation,Graduate
1228,policy_validation,Graduate
1229,model_development,Graduate
1230,model_development,Enrolled
1231,policy_validation,Graduate
1232,model_development,Graduate
1233,model_development,Graduate
1234,policy_validation,Graduate
1235,model_development,Graduate
1236,policy_validation,Dropout
1237,policy_validation,Graduate
1238,policy_validation,Dropout
1239,model_development,Graduate
1240,policy_validation,Dropout
1241,model_development,Dropout
1242,model_development,Dropout
1243,model_development,Enrolled
1244,model_development,Graduate
1245,model_development,Dropout
1246,model_development,Dropout
1247,model_development,Graduate
1248,model_development,Dropout
1249,policy_validation,Enrolled
1250,model_development,Dropout
1251,historical_holdout,Graduate
1252,model_development,Graduate
1253,model_development,Graduate
1254,model_development,Graduate
1255,policy_validation,Enrolled
1256,model_development,Dropout
1257,historical_holdout,Graduate
1258,model_development,Graduate
1259,model_development,Graduate
1260,model_development,Graduate
1261,model_development,Graduate
1262,policy_validation,Dropout
1263,model_development,Dropout
1264,model_development,Graduate
1265,historical_holdout,Graduate
1266,model_development,Graduate
1267,historical_holdout,Graduate
1268,policy_validation,Graduate
1269,model_development,Enrolled
1270,policy_validation,Dropout
1271,policy_validation,Enrolled
1272,historical_holdout,Graduate
1273,model_development,Dropout
1274,policy_validation,Dropout
1275,model_development,Graduate
1276,model_development,Graduate
1277,historical_holdout,Graduate
1278,model_development,Dropout
1279,model_development,Enrolled
1280,model_development,Graduate
1281,policy_validation,Graduate
1282,policy_validation,Graduate
1283,model_development,Dropout
1284,policy_validation,Graduate
1285,model_development,Graduate
1286,model_development,Dropout
1287,model_development,Enrolled
1288,model_development,Graduate
1289,model_development,Graduate
1290,model_development,Graduate
1291,policy_validation,Enrolled
1292,model_development,Graduate
1293,model_development,Dropout
1294,policy_validation,Graduate
1295,model_development,Dropout
1296,policy_validation,Dropout
1297,policy_validation,Dropout
1298,model_development,Dropout
1299,model_development,Graduate
1300,policy_validation,Enrolled
1301,model_development,Dropout
1302,model_development,Dropout
1303,historical_holdout,Graduate
1304,model_development,Graduate
1305,model_development,Graduate
1306,policy_validation,Graduate
1307,model_development,Graduate
1308,policy_validation,Graduate
1309,model_development,Graduate
1310,model_development,Graduate
1311,policy_validation,Graduate
1312,model_development,Graduate
1313,model_development,Graduate
1314,policy_validation,Dropout
1315,historical_holdout,Enrolled
1316,historical_holdout,Graduate
1317,policy_validation,Enrolled
1318,policy_validation,Dropout
1319,model_development,Dropout
1320,model_development,Graduate
1321,model_development,Graduate
1322,historical_holdout,Enrolled
1323,model_development,Graduate
1324,model_development,Graduate
1325,policy_validation,Enrolled
1326,policy_validation,Graduate
1327,policy_validation,Enrolled
1328,policy_validation,Dropout
1329,model_development,Graduate
1330,model_development,Enrolled
1331,model_development,Graduate
1332,model_development,Graduate
1333,model_development,Dropout
1334,model_development,Enrolled
1335,policy_validation,Graduate
1336,policy_validation,Enrolled
1337,historical_holdout,Enrolled
1338,policy_validation,Enrolled
1339,historical_holdout,Dropout
1340,policy_validation,Graduate
1341,model_development,Graduate
1342,model_development,Graduate
1343,model_development,Graduate
1344,model_development,Graduate
1345,historical_holdout,Dropout
1346,model_development,Graduate
1347,historical_holdout,Graduate
1348,historical_holdout,Enrolled
1349,model_development,Enrolled
1350,model_development,Graduate
1351,historical_holdout,Graduate
1352,policy_validation,Graduate
1353,model_development,Graduate
1354,model_development,Dropout
1355,model_development,Enrolled
1356,model_development,Enrolled
1357,policy_validation,Dropout
1358,model_development,Dropout
1359,model_development,Dropout
1360,historical_holdout,Dropout
1361,historical_holdout,Dropout
1362,model_development,Graduate
1363,model_development,Dropout
1364,model_development,Graduate
1365,policy_validation,Graduate
1366,historical_holdout,Dropout
1367,model_development,Dropout
1368,policy_validation,Graduate
1369,model_development,Dropout
1370,model_development,Graduate
1371,model_development,Graduate
1372,model_development,Graduate
1373,policy_validation,Graduate
1374,model_development,Graduate
1375,model_development,Dropout
1376,historical_holdout,Dropout
1377,model_development,Enrolled
1378,policy_validation,Graduate
1379,historical_holdout,Dropout
1380,model_development,Dropout
1381,model_development,Graduate
1382,model_development,Dropout
1383,policy_validation,Graduate
1384,historical_holdout,Graduate
1385,model_development,Graduate
1386,policy_validation,Dropout
1387,model_development,Dropout
1388,model_development,Graduate
1389,historical_holdout,Dropout
1390,model_development,Enrolled
1391,policy_validation,Graduate
1392,policy_validation,Graduate
1393,model_development,Dropout
1394,model_development,Graduate
1395,policy_validation,Graduate
1396,historical_holdout,Graduate
1397,policy_validation,Enrolled
1398,historical_holdout,Graduate
1399,historical_holdout,Graduate
1400,model_development,Graduate
1401,historical_holdout,Enrolled
1402,historical_holdout,Graduate
1403,model_development,Graduate
1404,model_development,Graduate
1405,policy_validation,Dropout
1406,historical_holdout,Dropout
1407,historical_holdout,Graduate
1408,policy_validation,Enrolled
1409,historical_holdout,Dropout
1410,model_development,Graduate
1411,historical_holdout,Dropout
1412,model_development,Graduate
1413,historical_holdout,Graduate
1414,policy_validation,Enrolled
1415,model_development,Graduate
1416,model_development,Graduate
1417,historical_holdout,Dropout
1418,policy_validation,Graduate
1419,historical_holdout,Graduate
1420,model_development,Dropout
1421,model_development,Dropout
1422,model_development,Enrolled
1423,historical_holdout,Graduate
1424,model_development,Graduate
1425,model_development,Enrolled
1426,historical_holdout,Graduate
1427,model_development,Graduate
1428,model_development,Enrolled
1429,historical_holdout,Enrolled
1430,model_development,Graduate
1431,model_development,Graduate
1432,historical_holdout,Dropout
1433,model_development,Enrolled
1434,model_development,Graduate
1435,model_development,Enrolled
1436,policy_validation,Dropout
1437,policy_validation,Enrolled
1438,model_development,Graduate
1439,historical_holdout,Graduate
1440,historical_holdout,Graduate
1441,model_development,Graduate
1442,policy_validation,Graduate
1443,historical_holdout,Graduate
1444,model_development,Dropout
1445,model_development,Graduate
1446,model_development,Dropout
1447,model_development,Dropout
1448,policy_validation,Dropout
1449,model_development,Dropout
1450,model_development,Graduate
1451,model_development,Dropout
1452,model_development,Graduate
1453,model_development,Dropout
1454,model_development,Graduate
1455,historical_holdout,Enrolled
1456,model_development,Dropout
1457,model_development,Enrolled
1458,historical_holdout,Enrolled
1459,policy_validation,Enrolled
1460,policy_validation,Dropout
1461,model_development,Dropout
1462,model_development,Graduate
1463,model_development,Enrolled
1464,historical_holdout,Dropout
1465,policy_validation,Enrolled
1466,model_development,Graduate
1467,model_development,Dropout
1468,model_development,Enrolled
1469,historical_holdout,Graduate
1470,model_development,Graduate
1471,model_development,Enrolled
1472,historical_holdout,Enrolled
1473,historical_holdout,Graduate
1474,model_development,Dropout
1475,policy_validation,Enrolled
1476,model_development,Graduate
1477,policy_validation,Dropout
1478,policy_validation,Graduate
1479,model_development,Dropout
1480,model_development,Dropout
1481,policy_validation,Dropout
1482,model_development,Graduate
1483,model_development,Graduate
1484,model_development,Graduate
1485,model_development,Graduate
1486,model_development,Graduate
1487,model_development,Graduate
1488,model_development,Enrolled
1489,policy_validation,Dropout
1490,model_development,Graduate
1491,model_development,Graduate
1492,policy_validation,Graduate
1493,policy_validation,Dropout
1494,model_development,Graduate
1495,model_development,Dropout
1496,model_development,Graduate
1497,model_development,Graduate
1498,model_development,Graduate
1499,model_development,Enrolled
1500,model_development,Graduate
1501,model_development,Graduate
1502,model_development,Dropout
1503,historical_holdout,Graduate
1504,model_development,Enrolled
1505,model_development,Enrolled
1506,policy_validation,Dropout
1507,model_development,Enrolled
1508,model_development,Graduate
1509,historical_holdout,Graduate
1510,model_development,Dropout
1511,model_development,Dropout
1512,historical_holdout,Enrolled
1513,policy_validation,Graduate
1514,model_development,Graduate
1515,model_development,Dropout
1516,model_development,Graduate
1517,model_development,Dropout
1518,model_development,Graduate
1519,historical_holdout,Enrolled
1520,model_development,Dropout
1521,model_development,Dropout
1522,model_development,Graduate
1523,model_development,Dropout
1524,historical_holdout,Dropout
1525,model_development,Enrolled
1526,model_development,Graduate
1527,model_development,Dropout
1528,policy_validation,Graduate
1529,policy_validation,Graduate
1530,model_development,Dropout
1531,historical_holdout,Enrolled
1532,policy_validation,Graduate
1533,policy_validation,Graduate
1534,historical_holdout,Enrolled
1535,model_development,Graduate
1536,model_development,Enrolled
1537,model_development,Dropout
1538,model_development,Graduate
1539,historical_holdout,Dropout
1540,model_development,Dropout
1541,model_development,Dropout
1542,model_development,Dropout
1543,model_development,Dropout
1544,policy_validation,Dropout
1545,model_development,Dropout
1546,historical_holdout,Graduate
1547,policy_validation,Enrolled
1548,model_development,Dropout
1549,policy_validation,Dropout
1550,model_development,Dropout
1551,historical_holdout,Graduate
1552,model_development,Graduate
1553,model_development,Graduate
1554,model_development,Graduate
1555,model_development,Graduate
1556,model_development,Graduate
1557,model_development,Dropout
1558,policy_validation,Enrolled
1559,historical_holdout,Dropout
1560,model_development,Graduate
1561,historical_holdout,Enrolled
1562,historical_holdout,Enrolled
1563,model_development,Graduate
1564,model_development,Enrolled
1565,model_development,Enrolled
1566,model_development,Graduate
1567,historical_holdout,Graduate
1568,historical_holdout,Graduate
1569,model_development,Enrolled
1570,model_development,Dropout
1571,model_development,Enrolled
1572,model_development,Dropout
1573,historical_holdout,Dropout
1574,model_development,Dropout
1575,model_development,Graduate
1576,model_development,Graduate
1577,model_development,Dropout
1578,historical_holdout,Enrolled
1579,model_development,Dropout
1580,policy_validation,Enrolled
1581,policy_validation,Graduate
1582,model_development,Enrolled
1583,historical_holdout,Dropout
1584,model_development,Dropout
1585,model_development,Graduate
1586,policy_validation,Graduate
1587,model_development,Enrolled
1588,model_development,Enrolled
1589,model_development,Dropout
1590,model_development,Graduate
1591,model_development,Dropout
1592,historical_holdout,Dropout
1593,model_development,Enrolled
1594,model_development,Dropout
1595,policy_validation,Enrolled
1596,model_development,Enrolled
1597,model_development,Enrolled
1598,model_development,Graduate
1599,model_development,Dropout
1600,historical_holdout,Dropout
1601,model_development,Graduate
1602,model_development,Enrolled
1603,policy_validation,Enrolled
1604,policy_validation,Graduate
1605,model_development,Dropout
1606,model_development,Enrolled
1607,historical_holdout,Graduate
1608,model_development,Graduate
1609,model_development,Enrolled
1610,policy_validation,Graduate
1611,policy_validation,Dropout
1612,model_development,Enrolled
1613,model_development,Graduate
1614,historical_holdout,Dropout
1615,historical_holdout,Graduate
1616,model_development,Dropout
1617,model_development,Graduate
1618,model_development,Dropout
1619,historical_holdout,Dropout
1620,model_development,Graduate
1621,model_development,Graduate
1622,model_development,Graduate
1623,model_development,Dropout
1624,historical_holdout,Dropout
1625,policy_validation,Dropout
1626,policy_validation,Dropout
1627,model_development,Graduate
1628,model_development,Dropout
1629,policy_validation,Dropout
1630,model_development,Dropout
1631,model_development,Graduate
1632,model_development,Dropout
1633,model_development,Graduate
1634,model_development,Enrolled
1635,policy_validation,Graduate
1636,policy_validation,Graduate
1637,model_development,Graduate
1638,historical_holdout,Graduate
1639,model_development,Dropout
1640,policy_validation,Graduate
1641,model_development,Graduate
1642,historical_holdout,Graduate
1643,model_development,Graduate
1644,model_development,Graduate
1645,policy_validation,Dropout
1646,model_development,Dropout
1647,model_development,Graduate
1648,model_development,Graduate
1649,historical_holdout,Dropout
1650,model_development,Graduate
1651,model_development,Enrolled
1652,model_development,Graduate
1653,model_development,Enrolled
1654,policy_validation,Graduate
1655,model_development,Dropout
1656,model_development,Graduate
1657,historical_holdout,Graduate
1658,historical_holdout,Enrolled
1659,model_development,Graduate
1660,model_development,Enrolled
1661,model_development,Graduate
1662,model_development,Graduate
1663,policy_validation,Graduate
1664,historical_holdout,Graduate
1665,model_development,Graduate
1666,model_development,Enrolled
1667,policy_validation,Graduate
1668,model_development,Graduate
1669,policy_validation,Dropout
1670,historical_holdout,Graduate
1671,policy_validation,Enrolled
1672,model_development,Graduate
1673,policy_validation,Dropout
1674,model_development,Graduate
1675,policy_validation,Graduate
1676,historical_holdout,Dropout
1677,model_development,Dropout
1678,model_development,Graduate
1679,model_development,Graduate
1680,model_development,Dropout
1681,historical_holdout,Enrolled
1682,model_development,Enrolled
1683,model_development,Dropout
1684,historical_holdout,Dropout
1685,model_development,Graduate
1686,model_development,Graduate
1687,historical_holdout,Graduate
1688,model_development,Dropout
1689,historical_holdout,Enrolled
1690,model_development,Dropout
1691,model_development,Dropout
1692,model_development,Dropout
1693,historical_holdout,Graduate
1694,model_development,Enrolled
1695,model_development,Dropout
1696,model_development,Graduate
1697,policy_validation,Graduate
1698,model_development,Dropout
1699,model_development,Dropout
1700,model_development,Dropout
1701,policy_validation,Graduate
1702,model_development,Graduate
1703,model_development,Dropout
1704,model_development,Graduate
1705,model_development,Graduate
1706,model_development,Enrolled
1707,historical_holdout,Dropout
1708,model_development,Enrolled
1709,model_development,Dropout
1710,model_development,Graduate
1711,model_development,Enrolled
1712,model_development,Graduate
1713,model_development,Dropout
1714,model_development,Enrolled
1715,model_development,Graduate
1716,model_development,Graduate
1717,model_development,Graduate
1718,historical_holdout,Enrolled
1719,model_development,Dropout
1720,model_development,Dropout
1721,model_development,Graduate
1722,policy_validation,Graduate
1723,policy_validation,Graduate
1724,model_development,Graduate
1725,policy_validation,Graduate
1726,model_development,Dropout
1727,model_development,Graduate
1728,historical_holdout,Enrolled
1729,historical_holdout,Dropout
1730,model_development,Graduate
1731,model_development,Graduate
1732,historical_holdout,Dropout
1733,historical_holdout,Dropout
1734,model_development,Enrolled
1735,policy_validation,Dropout
1736,historical_holdout,Graduate
1737,model_development,Graduate
1738,policy_validation,Enrolled
1739,historical_holdout,Graduate
1740,model_development,Dropout
1741,model_development,Dropout
1742,model_development,Enrolled
1743,model_development,Dropout
1744,model_development,Dropout
1745,model_development,Dropout
1746,model_development,Dropout
1747,model_development,Dropout
1748,model_development,Dropout
1749,historical_holdout,Dropout
1750,model_development,Dropout
1751,model_development,Enrolled
1752,model_development,Graduate
1753,model_development,Enrolled
1754,policy_validation,Enrolled
1755,model_development,Dropout
1756,model_development,Enrolled
1757,historical_holdout,Enrolled
1758,model_development,Dropout
1759,policy_validation,Graduate
1760,model_development,Graduate
1761,model_development,Graduate
1762,historical_holdout,Dropout
1763,model_development,Graduate
1764,model_development,Graduate
1765,model_development,Graduate
1766,policy_validation,Dropout
1767,model_development,Dropout
1768,model_development,Enrolled
1769,policy_validation,Dropout
1770,policy_validation,Enrolled
1771,model_development,Enrolled
1772,model_development,Enrolled
1773,model_development,Graduate
1774,model_development,Enrolled
1775,historical_holdout,Enrolled
1776,model_development,Dropout
1777,historical_holdout,Graduate
1778,model_development,Dropout
1779,model_development,Graduate
1780,policy_validation,Graduate
1781,model_development,Enrolled
1782,model_development,Graduate
1783,policy_validation,Dropout
1784,historical_holdout,Enrolled
1785,model_development,Dropout
1786,historical_holdout,Enrolled
1787,policy_validation,Dropout
1788,historical_holdout,Graduate
1789,policy_validation,Dropout
1790,historical_holdout,Graduate
1791,model_development,Graduate
1792,model_development,Dropout
1793,model_development,Dropout
1794,model_development,Dropout
1795,model_development,Enrolled
1796,model_development,Graduate
1797,historical_holdout,Graduate
1798,model_development,Dropout
1799,model_development,Dropout
1800,model_development,Dropout
1801,historical_holdout,Dropout
1802,historical_holdout,Graduate
1803,historical_holdout,Graduate
1804,model_development,Dropout
1805,policy_validation,Dropout
1806,policy_validation,Dropout
1807,policy_validation,Enrolled
1808,model_development,Dropout
1809,model_development,Enrolled
1810,historical_holdout,Graduate
1811,model_development,Graduate
1812,historical_holdout,Graduate
1813,model_development,Dropout
1814,historical_holdout,Graduate
1815,historical_holdout,Dropout
1816,historical_holdout,Enrolled
1817,model_development,Graduate
1818,historical_holdout,Graduate
1819,model_development,Dropout
1820,model_development,Dropout
1821,historical_holdout,Enrolled
1822,model_development,Enrolled
1823,policy_validation,Enrolled
1824,policy_validation,Dropout
1825,model_development,Graduate
1826,model_development,Graduate
1827,model_development,Graduate
1828,model_development,Enrolled
1829,historical_holdout,Dropout
1830,historical_holdout,Enrolled
1831,policy_validation,Dropout
1832,model_development,Graduate
1833,model_development,Graduate
1834,model_development,Dropout
1835,policy_validation,Graduate
1836,policy_validation,Graduate
1837,historical_holdout,Graduate
1838,historical_holdout,Enrolled
1839,model_development,Graduate
1840,model_development,Graduate
1841,model_development,Dropout
1842,model_development,Dropout
1843,model_development,Graduate
1844,historical_holdout,Enrolled
1845,policy_validation,Graduate
1846,model_development,Dropout
1847,historical_holdout,Dropout
1848,policy_validation,Dropout
1849,policy_validation,Graduate
1850,model_development,Enrolled
1851,model_development,Dropout
1852,model_development,Dropout
1853,historical_holdout,Graduate
1854,historical_holdout,Graduate
1855,model_development,Dropout
1856,model_development,Dropout
1857,historical_holdout,Graduate
1858,model_development,Graduate
1859,policy_validation,Graduate
1860,historical_holdout,Enrolled
1861,historical_holdout,Dropout
1862,model_development,Enrolled
1863,historical_holdout,Dropout
1864,policy_validation,Graduate
1865,historical_holdout,Dropout
1866,model_development,Graduate
1867,historical_holdout,Dropout
1868,model_development,Dropout
1869,model_development,Graduate
1870,model_development,Graduate
1871,model_development,Dropout
1872,model_development,Dropout
1873,model_development,Graduate
1874,model_development,Dropout
1875,model_development,Graduate
1876,model_development,Graduate
1877,model_development,Dropout
1878,model_development,Dropout
1879,model_development,Dropout
1880,model_development,Graduate
1881,model_development,Enrolled
1882,policy_validation,Dropout
1883,policy_validation,Dropout
1884,model_development,Graduate
1885,model_development,Enrolled
1886,model_development,Graduate
1887,model_development,Dropout
1888,model_development,Dropout
1889,model_development,Graduate
1890,policy_validation,Graduate
1891,model_development,Graduate
1892,model_development,Graduate
1893,historical_holdout,Dropout
1894,historical_holdout,Enrolled
1895,model_development,Graduate
1896,model_development,Enrolled
1897,model_development,Enrolled
1898,policy_validation,Dropout
1899,model_development,Graduate
1900,historical_holdout,Graduate
1901,policy_validation,Graduate
1902,historical_holdout,Graduate
1903,model_development,Graduate
1904,model_development,Graduate
1905,model_development,Graduate
1906,model_development,Graduate
1907,model_development,Graduate
1908,model_development,Graduate
1909,policy_validation,Enrolled
1910,historical_holdout,Graduate
1911,model_development,Graduate
1912,model_development,Graduate
1913,model_development,Graduate
1914,policy_validation,Dropout
1915,model_development,Graduate
1916,model_development,Graduate
1917,model_development,Graduate
1918,model_development,Graduate
1919,model_development,Graduate
1920,historical_holdout,Enrolled
1921,model_development,Enrolled
1922,model_development,Graduate
1923,model_development,Enrolled
1924,model_development,Graduate
1925,policy_validation,Dropout
1926,policy_validation,Graduate
1927,model_development,Graduate
1928,model_development,Graduate
1929,policy_validation,Enrolled
1930,model_development,Graduate
1931,policy_validation,Graduate
1932,model_development,Graduate
1933,model_development,Graduate
1934,model_development,Graduate
1935,model_development,Graduate
1936,model_development,Graduate
1937,historical_holdout,Graduate
1938,historical_holdout,Graduate
1939,policy_validation,Dropout
1940,historical_holdout,Graduate
1941,model_development,Graduate
1942,model_development,Graduate
1943,model_development,Graduate
1944,model_development,Graduate
1945,model_development,Dropout
1946,policy_validation,Graduate
1947,model_development,Graduate
1948,historical_holdout,Graduate
1949,policy_validation,Graduate
1950,model_development,Graduate
1951,model_development,Dropout
1952,model_development,Dropout
1953,model_development,Dropout
1954,model_development,Graduate
1955,historical_holdout,Enrolled
1956,model_development,Graduate
1957,historical_holdout,Enrolled
1958,model_development,Graduate
1959,historical_holdout,Dropout
1960,model_development,Enrolled
1961,model_development,Graduate
1962,model_development,Enrolled
1963,model_development,Graduate
1964,model_development,Graduate
1965,model_development,Graduate
1966,historical_holdout,Graduate
1967,policy_validation,Graduate
1968,model_development,Enrolled
1969,historical_holdout,Enrolled
1970,historical_holdout,Graduate
1971,model_development,Enrolled
1972,policy_validation,Graduate
1973,model_development,Dropout
1974,historical_holdout,Graduate
1975,historical_holdout,Graduate
1976,model_development,Dropout
1977,model_development,Enrolled
1978,historical_holdout,Graduate
1979,policy_validation,Enrolled
1980,model_development,Graduate
1981,model_development,Graduate
1982,historical_holdout,Graduate
1983,policy_validation,Graduate
1984,model_development,Graduate
1985,historical_holdout,Graduate
1986,policy_validation,Graduate
1987,model_development,Graduate
1988,historical_holdout,Enrolled
1989,model_development,Graduate
1990,model_development,Enrolled
1991,model_development,Graduate
1992,model_development,Dropout
1993,policy_validation,Enrolled
1994,historical_holdout,Graduate
1995,policy_validation,Dropout
1996,policy_validation,Graduate
1997,model_development,Graduate
1998,model_development,Graduate
1999,model_development,Dropout
2000,model_development,Graduate
2001,historical_holdout,Dropout
2002,model_development,Dropout
2003,historical_holdout,Graduate
2004,model_development,Dropout
2005,model_development,Dropout
2006,policy_validation,Graduate
2007,model_development,Graduate
2008,policy_validation,Graduate
2009,policy_validation,Graduate
2010,model_development,Dropout
2011,model_development,Graduate
2012,policy_validation,Graduate
2013,model_development,Dropout
2014,model_development,Dropout
2015,model_development,Dropout
2016,model_development,Graduate
2017,model_development,Graduate
2018,policy_validation,Graduate
2019,historical_holdout,Enrolled
2020,model_development,Graduate
2021,historical_holdout,Dropout
2022,model_development,Dropout
2023,model_development,Dropout
2024,model_development,Graduate
2025,historical_holdout,Enrolled
2026,model_development,Graduate
2027,model_development,Graduate
2028,model_development,Enrolled
2029,historical_holdout,Graduate
2030,policy_validation,Graduate
2031,model_development,Graduate
2032,model_development,Dropout
2033,model_development,Graduate
2034,model_development,Dropout
2035,policy_validation,Graduate
2036,historical_holdout,Enrolled
2037,model_development,Dropout
2038,model_development,Dropout
2039,model_development,Graduate
2040,policy_validation,Graduate
2041,model_development,Dropout
2042,model_development,Graduate
2043,model_development,Graduate
2044,model_development,Graduate
2045,policy_validation,Graduate
2046,historical_holdout,Graduate
2047,historical_holdout,Dropout
2048,model_development,Dropout
2049,historical_holdout,Graduate
2050,historical_holdout,Graduate
2051,policy_validation,Graduate
2052,model_development,Graduate
2053,model_development,Dropout
2054,model_development,Enrolled
2055,historical_holdout,Graduate
2056,model_development,Graduate
2057,model_development,Graduate
2058,model_development,Enrolled
2059,model_development,Graduate
2060,model_development,Dropout
2061,model_development,Graduate
2062,model_development,Graduate
2063,historical_holdout,Graduate
2064,model_development,Graduate
2065,model_development,Graduate
2066,model_development,Graduate
2067,historical_holdout,Graduate
2068,model_development,Graduate
2069,model_development,Enrolled
2070,historical_holdout,Dropout
2071,model_development,Graduate
2072,model_development,Graduate
2073,policy_validation,Graduate
2074,model_development,Graduate
2075,model_development,Graduate
2076,model_development,Graduate
2077,model_development,Graduate
2078,model_development,Graduate
2079,model_development,Graduate
2080,policy_validation,Graduate
2081,model_development,Graduate
2082,model_development,Graduate
2083,historical_holdout,Graduate
2084,model_development,Graduate
2085,model_development,Graduate
2086,policy_validation,Dropout
2087,model_development,Dropout
2088,policy_validation,Dropout
2089,model_development,Graduate
2090,model_development,Dropout
2091,model_development,Graduate
2092,historical_holdout,Enrolled
2093,model_development,Graduate
2094,model_development,Graduate
2095,model_development,Dropout
2096,model_development,Graduate
2097,model_development,Dropout
2098,model_development,Graduate
2099,model_development,Graduate
2100,model_development,Dropout
2101,policy_validation,Enrolled
2102,model_development,Graduate
2103,model_development,Graduate
2104,model_development,Dropout
2105,model_development,Graduate
2106,policy_validation,Enrolled
2107,historical_holdout,Enrolled
2108,historical_holdout,Graduate
2109,model_development,Enrolled
2110,model_development,Graduate
2111,policy_validation,Enrolled
2112,historical_holdout,Graduate
2113,model_development,Graduate
2114,historical_holdout,Graduate
2115,model_development,Dropout
2116,model_development,Dropout
2117,model_development,Graduate
2118,historical_holdout,Dropout
2119,model_development,Graduate
2120,model_development,Enrolled
2121,model_development,Dropout
2122,historical_holdout,Graduate
2123,model_development,Graduate
2124,model_development,Dropout
2125,model_development,Graduate
2126,model_development,Dropout
2127,historical_holdout,Dropout
2128,model_development,Dropout
2129,policy_validation,Dropout
2130,model_development,Graduate
2131,model_development,Enrolled
2132,policy_validation,Graduate
2133,model_development,Graduate
2134,historical_holdout,Graduate
2135,historical_holdout,Graduate
2136,model_development,Dropout
2137,model_development,Graduate
2138,policy_validation,Graduate
2139,model_development,Graduate
2140,model_development,Dropout
2141,policy_validation,Enrolled
2142,model_development,Graduate
2143,policy_validation,Graduate
2144,model_development,Graduate
2145,model_development,Graduate
2146,model_development,Enrolled
2147,historical_holdout,Graduate
2148,policy_validation,Graduate
2149,model_development,Graduate
2150,model_development,Graduate
2151,model_development,Graduate
2152,model_development,Enrolled
2153,model_development,Graduate
2154,model_development,Graduate
2155,policy_validation,Graduate
2156,model_development,Graduate
2157,model_development,Enrolled
2158,historical_holdout,Graduate
2159,model_development,Graduate
2160,historical_holdout,Dropout
2161,policy_validation,Graduate
2162,policy_validation,Dropout
2163,model_development,Dropout
2164,model_development,Graduate
2165,historical_holdout,Graduate
2166,model_development,Graduate
2167,model_development,Graduate
2168,model_development,Graduate
2169,model_development,Graduate
2170,model_development,Graduate
2171,model_development,Graduate
2172,model_development,Graduate
2173,model_development,Graduate
2174,model_development,Dropout
2175,policy_validation,Graduate
2176,policy_validation,Graduate
2177,model_development,Graduate
2178,model_development,Dropout
2179,model_development,Graduate
2180,model_development,Graduate
2181,model_development,Dropout
2182,model_development,Graduate
2183,model_development,Graduate
2184,model_development,Dropout
2185,model_development,Enrolled
2186,model_development,Graduate
2187,historical_holdout,Enrolled
2188,model_development,Graduate
2189,model_development,Graduate
2190,historical_holdout,Dropout
2191,historical_holdout,Enrolled
2192,historical_holdout,Dropout
2193,historical_holdout,Dropout
2194,model_development,Enrolled
2195,policy_validation,Graduate
2196,model_development,Enrolled
2197,historical_holdout,Enrolled
2198,model_development,Enrolled
2199,historical_holdout,Dropout
2200,model_development,Dropout
2201,model_development,Dropout
2202,model_development,Graduate
2203,model_development,Graduate
2204,historical_holdout,Dropout
2205,historical_holdout,Graduate
2206,model_development,Enrolled
2207,historical_holdout,Dropout
2208,policy_validation,Enrolled
2209,model_development,Enrolled
2210,historical_holdout,Dropout
2211,model_development,Graduate
2212,historical_holdout,Graduate
2213,policy_validation,Enrolled
2214,historical_holdout,Dropout
2215,model_development,Graduate
2216,model_development,Enrolled
2217,policy_validation,Graduate
2218,model_development,Dropout
2219,policy_validation,Graduate
2220,model_development,Graduate
2221,historical_holdout,Graduate
2222,policy_validation,Graduate
2223,policy_validation,Enrolled
2224,model_development,Dropout
2225,model_development,Graduate
2226,policy_validation,Dropout
2227,policy_validation,Graduate
2228,model_development,Dropout
2229,model_development,Dropout
2230,model_development,Graduate
2231,model_development,Graduate
2232,model_development,Dropout
2233,model_development,Dropout
2234,policy_validation,Dropout
2235,model_development,Enrolled
2236,model_development,Graduate
2237,historical_holdout,Enrolled
2238,model_development,Dropout
2239,model_development,Enrolled
2240,model_development,Enrolled
2241,policy_validation,Graduate
2242,model_development,Enrolled
2243,model_development,Enrolled
2244,model_development,Graduate
2245,historical_holdout,Dropout
2246,model_development,Graduate
2247,historical_holdout,Enrolled
2248,historical_holdout,Enrolled
2249,historical_holdout,Dropout
2250,policy_validation,Graduate
2251,model_development,Dropout
2252,policy_validation,Dropout
2253,model_development,Dropout
2254,historical_holdout,Dropout
2255,model_development,Dropout
2256,model_development,Dropout
2257,model_development,Dropout
2258,policy_validation,Enrolled
2259,model_development,Dropout
2260,historical_holdout,Graduate
2261,model_development,Enrolled
2262,model_development,Dropout
2263,policy_validation,Dropout
2264,model_development,Dropout
2265,model_development,Enrolled
2266,historical_holdout,Enrolled
2267,model_development,Dropout
2268,model_development,Dropout
2269,model_development,Dropout
2270,model_development,Dropout
2271,model_development,Dropout
2272,historical_holdout,Graduate
2273,policy_validation,Dropout
2274,model_development,Dropout
2275,policy_validation,Dropout
2276,model_development,Dropout
2277,policy_validation,Graduate
2278,model_development,Graduate
2279,model_development,Enrolled
2280,model_development,Dropout
2281,model_development,Graduate
2282,model_development,Enrolled
2283,historical_holdout,Dropout
2284,model_development,Graduate
2285,model_development,Enrolled
2286,model_development,Dropout
2287,model_development,Graduate
2288,model_development,Graduate
2289,model_development,Enrolled
2290,historical_holdout,Dropout
2291,model_development,Dropout
2292,historical_holdout,Graduate
2293,model_development,Dropout
2294,model_development,Graduate
2295,historical_holdout,Dropout
2296,model_development,Graduate
2297,historical_holdout,Dropout
2298,historical_holdout,Graduate
2299,model_development,Graduate
2300,policy_validation,Dropout
2301,model_development,Enrolled
2302,model_development,Enrolled
2303,model_development,Enrolled
2304,model_development,Enrolled
2305,model_development,Dropout
2306,model_development,Enrolled
2307,model_development,Dropout
2308,model_development,Dropout
2309,policy_validation,Dropout
2310,model_development,Graduate
2311,historical_holdout,Graduate
2312,model_development,Graduate
2313,model_development,Dropout
2314,model_development,Graduate
2315,model_development,Graduate
2316,model_development,Dropout
2317,model_development,Dropout
2318,model_development,Dropout
2319,model_development,Dropout
2320,policy_validation,Graduate
2321,historical_holdout,Dropout
2322,model_development,Enrolled
2323,historical_holdout,Dropout
2324,model_development,Enrolled
2325,model_development,Graduate
2326,model_development,Dropout
2327,model_development,Enrolled
2328,model_development,Dropout
2329,policy_validation,Graduate
2330,historical_holdout,Dropout
2331,model_development,Dropout
2332,policy_validation,Dropout
2333,model_development,Graduate
2334,model_development,Dropout
2335,model_development,Graduate
2336,model_development,Graduate
2337,model_development,Dropout
2338,model_development,Dropout
2339,model_development,Dropout
2340,model_development,Enrolled
2341,historical_holdout,Dropout
2342,policy_validation,Enrolled
2343,model_development,Graduate
2344,model_development,Graduate
2345,policy_validation,Graduate
2346,policy_validation,Graduate
2347,model_development,Enrolled
2348,historical_holdout,Graduate
2349,policy_validation,Dropout
2350,policy_validation,Graduate
2351,model_development,Graduate
2352,model_development,Graduate
2353,model_development,Graduate
2354,model_development,Graduate
2355,model_development,Dropout
2356,policy_validation,Graduate
2357,model_development,Graduate
2358,model_development,Dropout
2359,model_development,Graduate
2360,model_development,Dropout
2361,model_development,Enrolled
2362,model_development,Dropout
2363,model_development,Graduate
2364,model_development,Enrolled
2365,policy_validation,Enrolled
2366,model_development,Graduate
2367,model_development,Enrolled
2368,historical_holdout,Graduate
2369,historical_holdout,Enrolled
2370,model_development,Dropout
2371,model_development,Enrolled
2372,policy_validation,Graduate
2373,model_development,Enrolled
2374,historical_holdout,Enrolled
2375,model_development,Enrolled
2376,model_development,Dropout
2377,policy_validation,Graduate
2378,model_development,Dropout
2379,policy_validation,Dropout
2380,model_development,Graduate
2381,model_development,Graduate
2382,model_development,Graduate
2383,historical_holdout,Dropout
2384,model_development,Enrolled
2385,model_development,Enrolled
2386,model_development,Graduate
2387,historical_holdout,Enrolled
2388,model_development,Graduate
2389,model_development,Dropout
2390,policy_validation,Dropout
2391,policy_validation,Dropout
2392,model_development,Dropout
2393,model_development,Enrolled
2394,model_development,Dropout
2395,model_development,Graduate
2396,model_development,Enrolled
2397,historical_holdout,Dropout
2398,historical_holdout,Enrolled
2399,historical_holdout,Graduate
2400,historical_holdout,Graduate
2401,model_development,Dropout
2402,historical_holdout,Graduate
2403,model_development,Dropout
2404,historical_holdout,Graduate
2405,policy_validation,Dropout
2406,historical_holdout,Graduate
2407,model_development,Graduate
2408,historical_holdout,Dropout
2409,model_development,Dropout
2410,model_development,Dropout
2411,policy_validation,Dropout
2412,policy_validation,Dropout
2413,model_development,Enrolled
2414,historical_holdout,Graduate
2415,model_development,Graduate
2416,model_development,Dropout
2417,model_development,Dropout
2418,historical_holdout,Graduate
2419,historical_holdout,Graduate
2420,model_development,Enrolled
2421,policy_validation,Dropout
2422,policy_validation,Dropout
2423,policy_validation,Graduate
2424,policy_validation,Dropout
2425,model_development,Dropout
2426,model_development,Dropout
2427,policy_validation,Dropout
2428,model_development,Graduate
2429,historical_holdout,Dropout
2430,policy_validation,Dropout
2431,model_development,Graduate
2432,historical_holdout,Graduate
2433,model_development,Dropout
2434,historical_holdout,Enrolled
2435,policy_validation,Enrolled
2436,model_development,Graduate
2437,policy_validation,Graduate
2438,policy_validation,Dropout
2439,model_development,Dropout
2440,historical_holdout,Dropout
2441,historical_holdout,Dropout
2442,policy_validation,Enrolled
2443,historical_holdout,Dropout
2444,model_development,Graduate
2445,model_development,Dropout
2446,policy_validation,Enrolled
2447,historical_holdout,Dropout
2448,model_development,Graduate
2449,model_development,Dropout
2450,policy_validation,Dropout
2451,model_development,Enrolled
2452,model_development,Dropout
2453,model_development,Graduate
2454,historical_holdout,Enrolled
2455,model_development,Dropout
2456,model_development,Graduate
2457,model_development,Graduate
2458,policy_validation,Enrolled
2459,model_development,Dropout
2460,policy_validation,Graduate
2461,model_development,Dropout
2462,model_development,Dropout
2463,model_development,Dropout
2464,model_development,Dropout
2465,model_development,Dropout
2466,model_development,Dropout
2467,model_development,Enrolled
2468,historical_holdout,Enrolled
2469,historical_holdout,Dropout
2470,model_development,Dropout
2471,model_development,Enrolled
2472,model_development,Dropout
2473,historical_holdout,Dropout
2474,policy_validation,Dropout
2475,policy_validation,Graduate
2476,model_development,Dropout
2477,model_development,Graduate
2478,model_development,Enrolled
2479,model_development,Graduate
2480,historical_holdout,Dropout
2481,model_development,Enrolled
2482,model_development,Graduate
2483,policy_validation,Graduate
2484,model_development,Graduate
2485,historical_holdout,Graduate
2486,model_development,Dropout
2487,policy_validation,Dropout
2488,model_development,Dropout
2489,model_development,Enrolled
2490,model_development,Graduate
2491,model_development,Enrolled
2492,model_development,Enrolled
2493,policy_validation,Dropout
2494,model_development,Graduate
2495,policy_validation,Graduate
2496,model_development,Graduate
2497,historical_holdout,Graduate
2498,model_development,Graduate
2499,policy_validation,Dropout
2500,historical_holdout,Dropout
2501,policy_validation,Graduate
2502,model_development,Graduate
2503,model_development,Graduate
2504,policy_validation,Graduate
2505,historical_holdout,Dropout
2506,model_development,Graduate
2507,model_development,Graduate
2508,historical_holdout,Graduate
2509,model_development,Graduate
2510,model_development,Graduate
2511,model_development,Dropout
2512,model_development,Enrolled
2513,model_development,Graduate
2514,model_development,Graduate
2515,policy_validation,Dropout
2516,model_development,Enrolled
2517,policy_validation,Graduate
2518,model_development,Graduate
2519,model_development,Graduate
2520,model_development,Graduate
2521,model_development,Graduate
2522,policy_validation,Graduate
2523,policy_validation,Graduate
2524,historical_holdout,Dropout
2525,policy_validation,Dropout
2526,model_development,Graduate
2527,policy_validation,Dropout
2528,model_development,Graduate
2529,policy_validation,Graduate
2530,policy_validation,Graduate
2531,policy_validation,Graduate
2532,model_development,Graduate
2533,model_development,Graduate
2534,policy_validation,Enrolled
2535,model_development,Graduate
2536,policy_validation,Enrolled
2537,model_development,Enrolled
2538,historical_holdout,Graduate
2539,model_development,Graduate
2540,policy_validation,Graduate
2541,policy_validation,Dropout
2542,policy_validation,Dropout
2543,model_development,Graduate
2544,model_development,Dropout
2545,model_development,Enrolled
2546,model_development,Graduate
2547,policy_validation,Graduate
2548,model_development,Graduate
2549,historical_holdout,Graduate
2550,model_development,Dropout
2551,historical_holdout,Graduate
2552,model_development,Enrolled
2553,model_development,Graduate
2554,model_development,Dropout
2555,historical_holdout,Enrolled
2556,policy_validation,Enrolled
2557,policy_validation,Graduate
2558,policy_validation,Enrolled
2559,policy_validation,Enrolled
2560,model_development,Dropout
2561,model_development,Graduate
2562,model_development,Graduate
2563,model_development,Dropout
2564,model_development,Enrolled
2565,policy_validation,Graduate
2566,model_development,Graduate
2567,model_development,Graduate
2568,model_development,Enrolled
2569,model_development,Enrolled
2570,policy_validation,Graduate
2571,model_development,Graduate
2572,policy_validation,Graduate
2573,model_development,Graduate
2574,policy_validation,Graduate
2575,model_development,Graduate
2576,model_development,Graduate
2577,model_development,Dropout
2578,model_development,Dropout
2579,model_development,Graduate
2580,policy_validation,Graduate
2581,model_development,Graduate
2582,historical_holdout,Dropout
2583,policy_validation,Graduate
2584,model_development,Enrolled
2585,model_development,Graduate
2586,policy_validation,Graduate
2587,model_development,Enrolled
2588,historical_holdout,Enrolled
2589,policy_validation,Dropout
2590,model_development,Enrolled
2591,model_development,Dropout
2592,model_development,Enrolled
2593,policy_validation,Graduate
2594,historical_holdout,Dropout
2595,policy_validation,Enrolled
2596,model_development,Graduate
2597,historical_holdout,Dropout
2598,policy_validation,Dropout
2599,model_development,Enrolled
2600,model_development,Enrolled
2601,historical_holdout,Dropout
2602,model_development,Enrolled
2603,model_development,Graduate
2604,policy_validation,Dropout
2605,model_development,Dropout
2606,model_development,Graduate
2607,model_development,Graduate
2608,historical_holdout,Dropout
2609,model_development,Graduate
2610,policy_validation,Dropout
2611,historical_holdout,Graduate
2612,policy_validation,Graduate
2613,model_development,Graduate
2614,policy_validation,Dropout
2615,model_development,Dropout
2616,historical_holdout,Dropout
2617,historical_holdout,Dropout
2618,model_development,Graduate
2619,model_development,Dropout
2620,historical_holdout,Graduate
2621,model_development,Enrolled
2622,model_development,Graduate
2623,model_development,Graduate
2624,model_development,Dropout
2625,policy_validation,Graduate
2626,model_development,Dropout
2627,model_development,Graduate
2628,policy_validation,Enrolled
2629,model_development,Enrolled
2630,policy_validation,Enrolled
2631,model_development,Dropout
2632,model_development,Dropout
2633,model_development,Graduate
2634,model_development,Graduate
2635,model_development,Enrolled
2636,model_development,Dropout
2637,model_development,Dropout
2638,model_development,Graduate
2639,policy_validation,Graduate
2640,historical_holdout,Graduate
2641,policy_validation,Dropout
2642,model_development,Graduate
2643,model_development,Dropout
2644,historical_holdout,Dropout
2645,model_development,Graduate
2646,model_development,Dropout
2647,policy_validation,Enrolled
2648,model_development,Dropout
2649,model_development,Dropout
2650,model_development,Dropout
2651,model_development,Enrolled
2652,model_development,Dropout
2653,model_development,Graduate
2654,historical_holdout,Dropout
2655,model_development,Graduate
2656,model_development,Graduate
2657,model_development,Graduate
2658,historical_holdout,Enrolled
2659,model_development,Dropout
2660,policy_validation,Dropout
2661,model_development,Dropout
2662,model_development,Graduate
2663,model_development,Dropout
2664,policy_validation,Dropout
2665,historical_holdout,Graduate
2666,model_development,Dropout
2667,model_development,Graduate
2668,model_development,Dropout
2669,model_development,Enrolled
2670,model_development,Dropout
2671,model_development,Enrolled
2672,model_development,Graduate
2673,policy_validation,Dropout
2674,model_development,Enrolled
2675,policy_validation,Graduate
2676,model_development,Enrolled
2677,historical_holdout,Dropout
2678,model_development,Graduate
2679,model_development,Enrolled
2680,model_development,Graduate
2681,policy_validation,Graduate
2682,model_development,Dropout
2683,model_development,Dropout
2684,model_development,Graduate
2685,model_development,Dropout
2686,policy_validation,Enrolled
2687,policy_validation,Enrolled
2688,historical_holdout,Dropout
2689,policy_validation,Enrolled
2690,model_development,Dropout
2691,model_development,Dropout
2692,historical_holdout,Graduate
2693,policy_validation,Graduate
2694,model_development,Graduate
2695,model_development,Graduate
2696,policy_validation,Enrolled
2697,policy_validation,Dropout
2698,policy_validation,Enrolled
2699,model_development,Dropout
2700,model_development,Graduate
2701,historical_holdout,Dropout
2702,model_development,Dropout
2703,model_development,Dropout
2704,model_development,Dropout
2705,model_development,Enrolled
2706,policy_validation,Dropout
2707,policy_validation,Graduate
2708,model_development,Dropout
2709,model_development,Graduate
2710,policy_validation,Enrolled
2711,historical_holdout,Graduate
2712,model_development,Dropout
2713,model_development,Dropout
2714,historical_holdout,Graduate
2715,policy_validation,Dropout
2716,model_development,Graduate
2717,historical_holdout,Enrolled
2718,model_development,Graduate
2719,model_development,Graduate
2720,model_development,Graduate
2721,model_development,Graduate
2722,model_development,Enrolled
2723,model_development,Enrolled
2724,model_development,Dropout
2725,historical_holdout,Graduate
2726,historical_holdout,Enrolled
2727,historical_holdout,Graduate
2728,model_development,Graduate
2729,model_development,Enrolled
2730,policy_validation,Graduate
2731,model_development,Graduate
2732,model_development,Graduate
2733,model_development,Enrolled
2734,model_development,Enrolled
2735,model_development,Graduate
2736,model_development,Graduate
2737,historical_holdout,Graduate
2738,model_development,Dropout
2739,model_development,Graduate
2740,model_development,Graduate
2741,model_development,Graduate
2742,model_development,Graduate
2743,policy_validation,Graduate
2744,model_development,Graduate
2745,model_development,Dropout
2746,model_development,Graduate
2747,model_development,Enrolled
2748,model_development,Dropout
2749,model_development,Dropout
2750,historical_holdout,Dropout
2751,model_development,Dropout
2752,policy_validation,Graduate
2753,historical_holdout,Dropout
2754,model_development,Graduate
2755,model_development,Dropout
2756,historical_holdout,Graduate
2757,model_development,Dropout
2758,model_development,Dropout
2759,policy_validation,Enrolled
2760,model_development,Enrolled
2761,historical_holdout,Dropout
2762,model_development,Enrolled
2763,model_development,Enrolled
2764,model_development,Graduate
2765,model_development,Enrolled
2766,policy_validation,Graduate
2767,historical_holdout,Graduate
2768,model_development,Dropout
2769,historical_holdout,Graduate
2770,policy_validation,Dropout
2771,historical_holdout,Graduate
2772,model_development,Graduate
2773,model_development,Enrolled
2774,policy_validation,Graduate
2775,model_development,Enrolled
2776,historical_holdout,Graduate
2777,model_development,Enrolled
2778,historical_holdout,Enrolled
2779,model_development,Graduate
2780,model_development,Graduate
2781,model_development,Graduate
2782,historical_holdout,Dropout
2783,policy_validation,Enrolled
2784,model_development,Enrolled
2785,model_development,Graduate
2786,model_development,Graduate
2787,policy_validation,Dropout
2788,model_development,Enrolled
2789,model_development,Dropout
2790,model_development,Dropout
2791,policy_validation,Dropout
2792,historical_holdout,Graduate
2793,model_development,Graduate
2794,historical_holdout,Graduate
2795,policy_validation,Enrolled
2796,model_development,Graduate
2797,model_development,Dropout
2798,model_development,Graduate
2799,policy_validation,Graduate
2800,model_development,Dropout
2801,historical_holdout,Graduate
2802,historical_holdout,Dropout
2803,model_development,Graduate
2804,model_development,Graduate
2805,historical_holdout,Graduate
2806,model_development,Graduate
2807,historical_holdout,Graduate
2808,model_development,Enrolled
2809,model_development,Graduate
2810,policy_validation,Enrolled
2811,model_development,Graduate
2812,historical_holdout,Dropout
2813,historical_holdout,Graduate
2814,model_development,Graduate
2815,historical_holdout,Graduate
2816,policy_validation,Graduate
2817,model_development,Graduate
2818,model_development,Enrolled
2819,policy_validation,Graduate
2820,model_development,Enrolled
2821,model_development,Graduate
2822,model_development,Dropout
2823,model_development,Graduate
2824,model_development,Enrolled
2825,model_development,Enrolled
2826,model_development,Dropout
2827,model_development,Graduate
2828,model_development,Graduate
2829,historical_holdout,Enrolled
2830,model_development,Dropout
2831,model_development,Graduate
2832,model_development,Enrolled
2833,model_development,Enrolled
2834,model_development,Enrolled
2835,historical_holdout,Graduate
2836,model_development,Graduate
2837,model_development,Dropout
2838,historical_holdout,Enrolled
2839,model_development,Dropout
2840,historical_holdout,Graduate
2841,model_development,Enrolled
2842,historical_holdout,Graduate
2843,model_development,Graduate
2844,historical_holdout,Dropout
2845,model_development,Enrolled
2846,policy_validation,Graduate
2847,historical_holdout,Dropout
2848,model_development,Dropout
2849,historical_holdout,Dropout
2850,policy_validation,Graduate
2851,model_development,Dropout
2852,historical_holdout,Graduate
2853,model_development,Graduate
2854,policy_validation,Graduate
2855,model_development,Dropout
2856,historical_holdout,Dropout
2857,model_development,Graduate
2858,model_development,Dropout
2859,model_development,Graduate
2860,historical_holdout,Enrolled
2861,model_development,Graduate
2862,historical_holdout,Graduate
2863,policy_validation,Graduate
2864,model_development,Graduate
2865,model_development,Dropout
2866,model_development,Graduate
2867,policy_validation,Dropout
2868,model_development,Graduate
2869,historical_holdout,Enrolled
2870,model_development,Graduate
2871,historical_holdout,Graduate
2872,model_development,Dropout
2873,model_development,Enrolled
2874,historical_holdout,Graduate
2875,model_development,Dropout
2876,model_development,Enrolled
2877,model_development,Dropout
2878,model_development,Enrolled
2879,model_development,Dropout
2880,historical_holdout,Dropout
2881,historical_holdout,Graduate
2882,model_development,Enrolled
2883,model_development,Dropout
2884,policy_validation,Graduate
2885,model_development,Graduate
2886,model_development,Graduate
2887,model_development,Graduate
2888,model_development,Graduate
2889,model_development,Graduate
2890,model_development,Graduate
2891,model_development,Graduate
2892,policy_validation,Dropout
2893,model_development,Graduate
2894,policy_validation,Dropout
2895,model_development,Graduate
2896,model_development,Graduate
2897,model_development,Enrolled
2898,model_development,Graduate
2899,model_development,Graduate
2900,policy_validation,Graduate
2901,policy_validation,Enrolled
2902,model_development,Dropout
2903,policy_validation,Graduate
2904,policy_validation,Graduate
2905,historical_holdout,Dropout
2906,policy_validation,Graduate
2907,model_development,Graduate
2908,model_development,Graduate
2909,model_development,Graduate
2910,historical_holdout,Dropout
2911,model_development,Dropout
2912,model_development,Graduate
2913,policy_validation,Dropout
2914,policy_validation,Graduate
2915,model_development,Dropout
2916,model_development,Enrolled
2917,model_development,Graduate
2918,model_development,Graduate
2919,policy_validation,Dropout
2920,model_development,Dropout
2921,model_development,Graduate
2922,model_development,Enrolled
2923,policy_validation,Dropout
2924,model_development,Dropout
2925,historical_holdout,Graduate
2926,model_development,Graduate
2927,model_development,Graduate
2928,historical_holdout,Graduate
2929,policy_validation,Dropout
2930,model_development,Enrolled
2931,model_development,Dropout
2932,model_development,Dropout
2933,model_development,Dropout
2934,model_development,Graduate
2935,model_development,Dropout
2936,model_development,Dropout
2937,model_development,Dropout
2938,model_development,Dropout
2939,historical_holdout,Enrolled
2940,historical_holdout,Dropout
2941,policy_validation,Graduate
2942,model_development,Enrolled
2943,historical_holdout,Graduate
2944,model_development,Graduate
2945,model_development,Graduate
2946,policy_validation,Dropout
2947,policy_validation,Dropout
2948,policy_validation,Graduate
2949,model_development,Graduate
2950,model_development,Dropout
2951,model_development,Graduate
2952,model_development,Graduate
2953,historical_holdout,Enrolled
2954,model_development,Dropout
2955,policy_validation,Graduate
2956,model_development,Graduate
2957,model_development,Dropout
2958,model_development,Graduate
2959,policy_validation,Dropout
2960,model_development,Graduate
2961,model_development,Graduate
2962,model_development,Graduate
2963,model_development,Dropout
2964,model_development,Graduate
2965,model_development,Dropout
2966,historical_holdout,Graduate
2967,model_development,Graduate
2968,model_development,Enrolled
2969,historical_holdout,Graduate
2970,model_development,Graduate
2971,model_development,Graduate
2972,model_development,Dropout
2973,model_development,Enrolled
2974,historical_holdout,Graduate
2975,model_development,Dropout
2976,model_development,Graduate
2977,model_development,Graduate
2978,model_development,Dropout
2979,historical_holdout,Graduate
2980,policy_validation,Dropout
2981,model_development,Graduate
2982,model_development,Graduate
2983,model_development,Graduate
2984,model_development,Graduate
2985,model_development,Graduate
2986,model_development,Graduate
2987,model_development,Enrolled
2988,model_development,Graduate
2989,policy_validation,Graduate
2990,historical_holdout,Enrolled
2991,historical_holdout,Graduate
2992,model_development,Graduate
2993,model_development,Dropout
2994,policy_validation,Graduate
2995,model_development,Graduate
2996,model_development,Graduate
2997,historical_holdout,Graduate
2998,model_development,Enrolled
2999,model_development,Graduate
3000,model_development,Dropout
3001,model_development,Enrolled
3002,policy_validation,Graduate
3003,historical_holdout,Dropout
3004,historical_holdout,Dropout
3005,model_development,Graduate
3006,model_development,Graduate
3007,policy_validation,Graduate
3008,model_development,Enrolled
3009,model_development,Dropout
3010,model_development,Graduate
3011,model_development,Graduate
3012,model_development,Dropout
3013,policy_validation,Graduate
3014,policy_validation,Graduate
3015,policy_validation,Dropout
3016,historical_holdout,Graduate
3017,policy_validation,Graduate
3018,historical_holdout,Graduate
3019,policy_validation,Graduate
3020,model_development,Graduate
3021,policy_validation,Graduate
3022,policy_validation,Graduate
3023,model_development,Dropout
3024,policy_validation,Graduate
3025,model_development,Graduate
3026,model_development,Graduate
3027,model_development,Enrolled
3028,policy_validation,Dropout
3029,model_development,Graduate
3030,historical_holdout,Graduate
3031,model_development,Dropout
3032,model_development,Graduate
3033,model_development,Graduate
3034,model_development,Graduate
3035,historical_holdout,Graduate
3036,model_development,Graduate
3037,model_development,Dropout
3038,model_development,Graduate
3039,model_development,Graduate
3040,policy_validation,Dropout
3041,model_development,Dropout
3042,model_development,Enrolled
3043,model_development,Graduate
3044,model_development,Graduate
3045,model_development,Graduate
3046,historical_holdout,Graduate
3047,model_development,Enrolled
3048,policy_validation,Dropout
3049,model_development,Graduate
3050,model_development,Graduate
3051,model_development,Dropout
3052,model_development,Enrolled
3053,policy_validation,Graduate
3054,policy_validation,Dropout
3055,model_development,Graduate
3056,model_development,Dropout
3057,policy_validation,Graduate
3058,model_development,Dropout
3059,model_development,Graduate
3060,historical_holdout,Graduate
3061,model_development,Enrolled
3062,policy_validation,Dropout
3063,model_development,Dropout
3064,model_development,Graduate
3065,model_development,Graduate
3066,model_development,Dropout
3067,policy_validation,Graduate
3068,policy_validation,Enrolled
3069,policy_validation,Graduate
3070,model_development,Dropout
3071,historical_holdout,Enrolled
3072,model_development,Dropout
3073,policy_validation,Dropout
3074,model_development,Enrolled
3075,model_development,Dropout
3076,model_development,Enrolled
3077,historical_holdout,Dropout
3078,model_development,Enrolled
3079,model_development,Graduate
3080,policy_validation,Dropout
3081,historical_holdout,Graduate
3082,model_development,Graduate
3083,historical_holdout,Graduate
3084,model_development,Dropout
3085,model_development,Graduate
3086,model_development,Enrolled
3087,model_development,Graduate
3088,model_development,Graduate
3089,policy_validation,Graduate
3090,historical_holdout,Dropout
3091,policy_validation,Graduate
3092,model_development,Enrolled
3093,model_development,Graduate
3094,model_development,Graduate
3095,historical_holdout,Dropout
3096,model_development,Graduate
3097,historical_holdout,Graduate
3098,historical_holdout,Dropout
3099,historical_holdout,Enrolled
3100,historical_holdout,Dropout
3101,historical_holdout,Graduate
3102,model_development,Graduate
3103,model_development,Dropout
3104,historical_holdout,Dropout
3105,historical_holdout,Graduate
3106,historical_holdout,Dropout
3107,model_development,Graduate
3108,model_development,Graduate
3109,model_development,Enrolled
3110,model_development,Graduate
3111,model_development,Dropout
3112,model_development,Graduate
3113,model_development,Dropout
3114,model_development,Enrolled
3115,model_development,Graduate
3116,model_development,Graduate
3117,model_development,Dropout
3118,model_development,Graduate
3119,model_development,Graduate
3120,policy_validation,Enrolled
3121,policy_validation,Dropout
3122,model_development,Graduate
3123,model_development,Enrolled
3124,historical_holdout,Graduate
3125,model_development,Graduate
3126,model_development,Graduate
3127,policy_validation,Enrolled
3128,model_development,Graduate
3129,historical_holdout,Graduate
3130,policy_validation,Graduate
3131,historical_holdout,Graduate
3132,model_development,Graduate
3133,model_development,Graduate
3134,model_development,Enrolled
3135,historical_holdout,Enrolled
3136,model_development,Graduate
3137,historical_holdout,Graduate
3138,model_development,Graduate
3139,model_development,Graduate
3140,policy_validation,Enrolled
3141,policy_validation,Graduate
3142,model_development,Graduate
3143,model_development,Dropout
3144,policy_validation,Graduate
3145,historical_holdout,Graduate
3146,model_development,Graduate
3147,policy_validation,Graduate
3148,model_development,Enrolled
3149,model_development,Enrolled
3150,policy_validation,Graduate
3151,historical_holdout,Enrolled
3152,model_development,Dropout
3153,model_development,Graduate
3154,model_development,Graduate
3155,policy_validation,Enrolled
3156,model_development,Enrolled
3157,model_development,Graduate
3158,model_development,Dropout
3159,historical_holdout,Enrolled
3160,model_development,Enrolled
3161,model_development,Graduate
3162,model_development,Graduate
3163,model_development,Graduate
3164,model_development,Graduate
3165,model_development,Graduate
3166,policy_validation,Graduate
3167,policy_validation,Dropout
3168,model_development,Dropout
3169,policy_validation,Dropout
3170,model_development,Graduate
3171,policy_validation,Graduate
3172,policy_validation,Dropout
3173,historical_holdout,Dropout
3174,model_development,Graduate
3175,historical_holdout,Enrolled
3176,model_development,Dropout
3177,policy_validation,Graduate
3178,policy_validation,Dropout
3179,historical_holdout,Graduate
3180,model_development,Enrolled
3181,model_development,Graduate
3182,historical_holdout,Dropout
3183,model_development,Graduate
3184,historical_holdout,Enrolled
3185,model_development,Graduate
3186,model_development,Dropout
3187,model_development,Dropout
3188,model_development,Dropout
3189,model_development,Dropout
3190,model_development,Dropout
3191,historical_holdout,Dropout
3192,policy_validation,Dropout
3193,model_development,Enrolled
3194,model_development,Dropout
3195,historical_holdout,Enrolled
3196,model_development,Dropout
3197,policy_validation,Enrolled
3198,policy_validation,Graduate
3199,model_development,Dropout
3200,policy_validation,Graduate
3201,model_development,Dropout
3202,model_development,Graduate
3203,model_development,Enrolled
3204,model_development,Dropout
3205,policy_validation,Dropout
3206,model_development,Dropout
3207,policy_validation,Graduate
3208,policy_validation,Dropout
3209,model_development,Dropout
3210,historical_holdout,Graduate
3211,model_development,Graduate
3212,historical_holdout,Enrolled
3213,historical_holdout,Graduate
3214,model_development,Dropout
3215,model_development,Graduate
3216,model_development,Graduate
3217,model_development,Dropout
3218,model_development,Graduate
3219,model_development,Enrolled
3220,model_development,Dropout
3221,historical_holdout,Dropout
3222,model_development,Dropout
3223,historical_holdout,Graduate
3224,model_development,Dropout
3225,model_development,Dropout
3226,model_development,Graduate
3227,historical_holdout,Graduate
3228,model_development,Enrolled
3229,model_development,Graduate
3230,model_development,Graduate
3231,historical_holdout,Graduate
3232,model_development,Enrolled
3233,model_development,Graduate
3234,model_development,Dropout
3235,model_development,Graduate
3236,model_development,Graduate
3237,historical_holdout,Graduate
3238,historical_holdout,Enrolled
3239,historical_holdout,Graduate
3240,policy_validation,Graduate
3241,historical_holdout,Enrolled
3242,historical_holdout,Graduate
3243,model_development,Dropout
3244,policy_validation,Graduate
3245,model_development,Dropout
3246,model_development,Dropout
3247,model_development,Graduate
3248,model_development,Graduate
3249,model_development,Graduate
3250,historical_holdout,Graduate
3251,model_development,Dropout
3252,model_development,Graduate
3253,policy_validation,Dropout
3254,policy_validation,Dropout
3255,model_development,Graduate
3256,model_development,Graduate
3257,model_development,Graduate
3258,model_development,Graduate
3259,model_development,Graduate
3260,historical_holdout,Graduate
3261,model_development,Graduate
3262,model_development,Graduate
3263,model_development,Dropout
3264,historical_holdout,Graduate
3265,model_development,Dropout
3266,model_development,Graduate
3267,model_development,Graduate
3268,policy_validation,Enrolled
3269,model_development,Dropout
3270,model_development,Dropout
3271,model_development,Dropout
3272,historical_holdout,Graduate
3273,model_development,Graduate
3274,model_development,Enrolled
3275,model_development,Dropout
3276,historical_holdout,Graduate
3277,historical_holdout,Dropout
3278,model_development,Graduate
3279,policy_validation,Dropout
3280,policy_validation,Graduate
3281,historical_holdout,Graduate
3282,historical_holdout,Dropout
3283,model_development,Enrolled
3284,model_development,Graduate
3285,historical_holdout,Enrolled
3286,historical_holdout,Graduate
3287,policy_validation,Dropout
3288,historical_holdout,Dropout
3289,policy_validation,Graduate
3290,model_development,Graduate
3291,historical_holdout,Dropout
3292,model_development,Dropout
3293,historical_holdout,Dropout
3294,model_development,Enrolled
3295,policy_validation,Enrolled
3296,model_development,Graduate
3297,model_development,Enrolled
3298,historical_holdout,Dropout
3299,model_development,Graduate
3300,historical_holdout,Dropout
3301,model_development,Dropout
3302,historical_holdout,Graduate
3303,policy_validation,Graduate
3304,historical_holdout,Graduate
3305,historical_holdout,Graduate
3306,model_development,Graduate
3307,policy_validation,Graduate
3308,policy_validation,Graduate
3309,historical_holdout,Graduate
3310,model_development,Dropout
3311,model_development,Graduate
3312,model_development,Dropout
3313,historical_holdout,Enrolled
3314,model_development,Enrolled
3315,historical_holdout,Dropout
3316,model_development,Graduate
3317,model_development,Dropout
3318,policy_validation,Graduate
3319,model_development,Dropout
3320,model_development,Graduate
3321,model_development,Graduate
3322,historical_holdout,Dropout
3323,policy_validation,Dropout
3324,model_development,Dropout
3325,model_development,Dropout
3326,model_development,Enrolled
3327,historical_holdout,Graduate
3328,policy_validation,Dropout
3329,model_development,Enrolled
3330,policy_validation,Enrolled
3331,model_development,Graduate
3332,policy_validation,Dropout
3333,model_development,Dropout
3334,model_development,Dropout
3335,policy_validation,Graduate
3336,model_development,Enrolled
3337,policy_validation,Dropout
3338,policy_validation,Dropout
3339,historical_holdout,Dropout
3340,model_development,Enrolled
3341,model_development,Dropout
3342,policy_validation,Enrolled
3343,model_development,Graduate
3344,model_development,Enrolled
3345,policy_validation,Dropout
3346,model_development,Dropout
3347,model_development,Dropout
3348,model_development,Dropout
3349,policy_validation,Graduate
3350,historical_holdout,Dropout
3351,historical_holdout,Enrolled
3352,historical_holdout,Dropout
3353,policy_validation,Dropout
3354,model_development,Graduate
3355,model_development,Graduate
3356,model_development,Dropout
3357,model_development,Enrolled
3358,model_development,Dropout
3359,policy_validation,Dropout
3360,model_development,Enrolled
3361,policy_validation,Dropout
3362,historical_holdout,Graduate
3363,model_development,Graduate
3364,historical_holdout,Dropout
3365,model_development,Dropout
3366,model_development,Dropout
3367,model_development,Enrolled
3368,model_development,Graduate
3369,policy_validation,Enrolled
3370,model_development,Dropout
3371,model_development,Dropout
3372,model_development,Graduate
3373,model_development,Graduate
3374,model_development,Graduate
3375,model_development,Graduate
3376,model_development,Graduate
3377,model_development,Graduate
3378,policy_validation,Graduate
3379,model_development,Enrolled
3380,historical_holdout,Graduate
3381,historical_holdout,Dropout
3382,policy_validation,Dropout
3383,model_development,Graduate
3384,model_development,Dropout
3385,model_development,Enrolled
3386,model_development,Graduate
3387,model_development,Graduate
3388,policy_validation,Graduate
3389,policy_validation,Graduate
3390,model_development,Enrolled
3391,model_development,Graduate
3392,model_development,Graduate
3393,historical_holdout,Graduate
3394,historical_holdout,Graduate
3395,historical_holdout,Enrolled
3396,model_development,Graduate
3397,policy_validation,Enrolled
3398,policy_validation,Graduate
3399,model_development,Graduate
3400,model_development,Graduate
3401,model_development,Graduate
3402,model_development,Enrolled
3403,historical_holdout,Graduate
3404,model_development,Graduate
3405,model_development,Enrolled
3406,model_development,Graduate
3407,model_development,Enrolled
3408,model_development,Graduate
3409,historical_holdout,Dropout
3410,model_development,Graduate
3411,model_development,Enrolled
3412,model_development,Graduate
3413,model_development,Enrolled
3414,historical_holdout,Dropout
3415,policy_validation,Graduate
3416,historical_holdout,Enrolled
3417,model_development,Enrolled
3418,model_development,Dropout
3419,model_development,Graduate
3420,model_development,Graduate
3421,model_development,Graduate
3422,model_development,Dropout
3423,model_development,Dropout
3424,historical_holdout,Dropout
3425,policy_validation,Dropout
3426,policy_validation,Dropout
3427,model_development,Enrolled
3428,model_development,Graduate
3429,model_development,Dropout
3430,model_development,Dropout
3431,policy_validation,Graduate
3432,model_development,Graduate
3433,policy_validation,Graduate
3434,model_development,Dropout
3435,model_development,Dropout
3436,policy_validation,Graduate
3437,model_development,Graduate
3438,model_development,Enrolled
3439,model_development,Graduate
3440,historical_holdout,Dropout
3441,policy_validation,Enrolled
3442,policy_validation,Enrolled
3443,historical_holdout,Graduate
3444,model_development,Graduate
3445,historical_holdout,Dropout
3446,model_development,Graduate
3447,policy_validation,Dropout
3448,historical_holdout,Graduate
3449,model_development,Graduate
3450,model_development,Graduate
3451,model_development,Enrolled
3452,model_development,Enrolled
3453,historical_holdout,Graduate
3454,model_development,Graduate
3455,model_development,Dropout
3456,model_development,Graduate
3457,model_development,Graduate
3458,historical_holdout,Graduate
3459,historical_holdout,Graduate
3460,policy_validation,Dropout
3461,model_development,Graduate
3462,model_development,Enrolled
3463,historical_holdout,Dropout
3464,policy_validation,Enrolled
3465,policy_validation,Graduate
3466,model_development,Dropout
3467,model_development,Enrolled
3468,model_development,Graduate
3469,model_development,Enrolled
3470,model_development,Enrolled
3471,model_development,Graduate
3472,historical_holdout,Graduate
3473,model_development,Dropout
3474,model_development,Dropout
3475,model_development,Dropout
3476,historical_holdout,Graduate
3477,historical_holdout,Graduate
3478,model_development,Dropout
3479,model_development,Enrolled
3480,policy_validation,Graduate
3481,historical_holdout,Graduate
3482,model_development,Graduate
3483,historical_holdout,Dropout
3484,model_development,Dropout
3485,model_development,Dropout
3486,model_development,Dropout
3487,policy_validation,Graduate
3488,historical_holdout,Dropout
3489,model_development,Dropout
3490,model_development,Graduate
3491,model_development,Dropout
3492,model_development,Dropout
3493,model_development,Dropout
3494,policy_validation,Dropout
3495,model_development,Graduate
3496,model_development,Graduate
3497,model_development,Dropout
3498,policy_validation,Dropout
3499,model_development,Graduate
3500,model_development,Enrolled
3501,model_development,Dropout
3502,historical_holdout,Dropout
3503,policy_validation,Graduate
3504,model_development,Graduate
3505,model_development,Graduate
3506,model_development,Dropout
3507,model_development,Dropout
3508,historical_holdout,Graduate
3509,model_development,Enrolled
3510,model_development,Graduate
3511,model_development,Dropout
3512,policy_validation,Enrolled
3513,model_development,Dropout
3514,model_development,Dropout
3515,model_development,Dropout
3516,model_development,Enrolled
3517,model_development,Dropout
3518,model_development,Dropout
3519,historical_holdout,Dropout
3520,policy_validation,Dropout
3521,model_development,Graduate
3522,policy_validation,Dropout
3523,model_development,Graduate
3524,historical_holdout,Enrolled
3525,model_development,Enrolled
3526,model_development,Graduate
3527,model_development,Dropout
3528,model_development,Dropout
3529,historical_holdout,Dropout
3530,model_development,Enrolled
3531,model_development,Graduate
3532,model_development,Enrolled
3533,model_development,Graduate
3534,policy_validation,Dropout
3535,model_development,Dropout
3536,model_development,Dropout
3537,policy_validation,Dropout
3538,model_development,Dropout
3539,model_development,Dropout
3540,model_development,Graduate
3541,policy_validation,Dropout
3542,model_development,Dropout
3543,model_development,Enrolled
3544,model_development,Enrolled
3545,model_development,Enrolled
3546,policy_validation,Graduate
3547,model_development,Graduate
3548,model_development,Dropout
3549,model_development,Dropout
3550,model_development,Graduate
3551,policy_validation,Enrolled
3552,model_development,Dropout
3553,model_development,Dropout
3554,historical_holdout,Dropout
3555,policy_validation,Enrolled
3556,policy_validation,Graduate
3557,model_development,Enrolled
3558,historical_holdout,Dropout
3559,model_development,Enrolled
3560,model_development,Graduate
3561,policy_validation,Enrolled
3562,historical_holdout,Graduate
3563,model_development,Dropout
3564,model_development,Dropout
3565,historical_holdout,Dropout
3566,model_development,Dropout
3567,model_development,Graduate
3568,model_development,Graduate
3569,model_development,Graduate
3570,model_development,Dropout
3571,historical_holdout,Graduate
3572,model_development,Graduate
3573,historical_holdout,Dropout
3574,model_development,Enrolled
3575,model_development,Graduate
3576,model_development,Graduate
3577,model_development,Graduate
3578,historical_holdout,Dropout
3579,model_development,Dropout
3580,model_development,Graduate
3581,historical_holdout,Graduate
3582,historical_holdout,Graduate
3583,model_development,Dropout
3584,model_development,Enrolled
3585,model_development,Graduate
3586,model_development,Dropout
3587,model_development,Dropout
3588,historical_holdout,Graduate
3589,historical_holdout,Graduate
3590,historical_holdout,Dropout
3591,historical_holdout,Enrolled
3592,policy_validation,Enrolled
3593,historical_holdout,Dropout
3594,policy_validation,Dropout
3595,model_development,Enrolled
3596,policy_validation,Dropout
3597,model_development,Enrolled
3598,model_development,Graduate
3599,historical_holdout,Graduate
3600,model_development,Dropout
3601,policy_validation,Dropout
3602,policy_validation,Graduate
3603,policy_validation,Graduate
3604,model_development,Enrolled
3605,model_development,Graduate
3606,historical_holdout,Graduate
3607,model_development,Dropout
3608,policy_validation,Enrolled
3609,model_development,Dropout
3610,policy_validation,Enrolled
3611,model_development,Enrolled
3612,model_development,Graduate
3613,historical_holdout,Dropout
3614,model_development,Dropout
3615,model_development,Enrolled
3616,model_development,Dropout
3617,policy_validation,Enrolled
3618,model_development,Dropout
3619,model_development,Graduate
3620,model_development,Graduate
3621,historical_holdout,Dropout
3622,historical_holdout,Graduate
3623,model_development,Graduate
3624,model_development,Dropout
3625,model_development,Graduate
3626,historical_holdout,Enrolled
3627,model_development,Dropout
3628,historical_holdout,Enrolled
3629,model_development,Dropout
3630,model_development,Graduate
3631,model_development,Graduate
3632,model_development,Dropout
3633,model_development,Enrolled
3634,historical_holdout,Graduate
3635,policy_validation,Graduate
3636,model_development,Graduate
3637,model_development,Graduate
3638,historical_holdout,Enrolled
3639,policy_validation,Graduate
3640,policy_validation,Graduate
3641,historical_holdout,Graduate
3642,historical_holdout,Dropout
3643,historical_holdout,Graduate
3644,model_development,Graduate
3645,historical_holdout,Graduate
3646,historical_holdout,Graduate
3647,historical_holdout,Enrolled
3648,historical_holdout,Dropout
3649,model_development,Graduate
3650,historical_holdout,Dropout
3651,model_development,Graduate
3652,model_development,Enrolled
3653,policy_validation,Graduate
3654,historical_holdout,Enrolled
3655,policy_validation,Graduate
3656,policy_validation,Graduate
3657,model_development,Graduate
3658,policy_validation,Graduate
3659,model_development,Graduate
3660,model_development,Enrolled
3661,model_development,Dropout
3662,model_development,Graduate
3663,model_development,Graduate
3664,model_development,Graduate
3665,model_development,Dropout
3666,model_development,Enrolled
3667,model_development,Dropout
3668,historical_holdout,Dropout
3669,policy_validation,Graduate
3670,model_development,Graduate
3671,model_development,Graduate
3672,model_development,Graduate
3673,model_development,Graduate
3674,policy_validation,Graduate
3675,policy_validation,Graduate
3676,historical_holdout,Graduate
3677,historical_holdout,Graduate
3678,model_development,Dropout
3679,historical_holdout,Graduate
3680,model_development,Graduate
3681,model_development,Dropout
3682,policy_validation,Enrolled
3683,model_development,Dropout
3684,policy_validation,Graduate
3685,historical_holdout,Dropout
3686,historical_holdout,Dropout
3687,model_development,Dropout
3688,model_development,Dropout
3689,model_development,Graduate
3690,model_development,Enrolled
3691,model_development,Graduate
3692,model_development,Dropout
3693,model_development,Dropout
3694,model_development,Dropout
3695,model_development,Dropout
3696,policy_validation,Dropout
3697,model_development,Graduate
3698,historical_holdout,Enrolled
3699,policy_validation,Graduate
3700,historical_holdout,Dropout
3701,model_development,Enrolled
3702,model_development,Enrolled
3703,policy_validation,Dropout
3704,model_development,Dropout
3705,model_development,Graduate
3706,policy_validation,Dropout
3707,model_development,Graduate
3708,model_development,Graduate
3709,model_development,Dropout
3710,policy_validation,Dropout
3711,model_development,Graduate
3712,policy_validation,Dropout
3713,model_development,Dropout
3714,model_development,Dropout
3715,historical_holdout,Dropout
3716,model_development,Enrolled
3717,model_development,Dropout
3718,model_development,Graduate
3719,policy_validation,Dropout
3720,historical_holdout,Dropout
3721,model_development,Enrolled
3722,historical_holdout,Dropout
3723,policy_validation,Dropout
3724,historical_holdout,Dropout
3725,model_development,Dropout
3726,model_development,Dropout
3727,model_development,Dropout
3728,model_development,Graduate
3729,model_development,Graduate
3730,policy_validation,Graduate
3731,historical_holdout,Graduate
3732,model_development,Dropout
3733,model_development,Graduate
3734,model_development,Dropout
3735,historical_holdout,Dropout
3736,model_development,Graduate
3737,historical_holdout,Enrolled
3738,model_development,Enrolled
3739,historical_holdout,Graduate
3740,historical_holdout,Dropout
3741,historical_holdout,Dropout
3742,model_development,Enrolled
3743,model_development,Graduate
3744,model_development,Enrolled
3745,model_development,Dropout
3746,model_development,Graduate
3747,model_development,Graduate
3748,model_development,Graduate
3749,model_development,Dropout
3750,model_development,Graduate
3751,model_development,Graduate
3752,model_development,Graduate
3753,policy_validation,Graduate
3754,historical_holdout,Graduate
3755,model_development,Dropout
3756,model_development,Dropout
3757,policy_validation,Graduate
3758,model_development,Graduate
3759,model_development,Enrolled
3760,model_development,Dropout
3761,policy_validation,Graduate
3762,model_development,Dropout
3763,historical_holdout,Graduate
3764,model_development,Graduate
3765,historical_holdout,Graduate
3766,policy_validation,Graduate
3767,model_development,Graduate
3768,model_development,Dropout
3769,model_development,Enrolled
3770,policy_validation,Dropout
3771,model_development,Dropout
3772,model_development,Graduate
3773,policy_validation,Graduate
3774,policy_validation,Dropout
3775,model_development,Graduate
3776,model_development,Dropout
3777,model_development,Graduate
3778,model_development,Graduate
3779,historical_holdout,Enrolled
3780,model_development,Enrolled
3781,model_development,Graduate
3782,model_development,Graduate
3783,model_development,Graduate
3784,historical_holdout,Enrolled
3785,historical_holdout,Dropout
3786,model_development,Enrolled
3787,historical_holdout,Dropout
3788,model_development,Dropout
3789,model_development,Enrolled
3790,model_development,Dropout
3791,model_development,Graduate
3792,model_development,Dropout
3793,model_development,Dropout
3794,policy_validation,Dropout
3795,model_development,Dropout
3796,model_development,Graduate
3797,historical_holdout,Graduate
3798,historical_holdout,Dropout
3799,model_development,Graduate
3800,historical_holdout,Dropout
3801,model_development,Dropout
3802,model_development,Graduate
3803,model_development,Graduate
3804,policy_validation,Graduate
3805,model_development,Dropout
3806,model_development,Dropout
3807,model_development,Graduate
3808,model_development,Graduate
3809,model_development,Dropout
3810,model_development,Dropout
3811,policy_validation,Enrolled
3812,historical_holdout,Dropout
3813,model_development,Graduate
3814,policy_validation,Graduate
3815,historical_holdout,Graduate
3816,model_development,Enrolled
3817,policy_validation,Dropout
3818,model_development,Graduate
3819,model_development,Dropout
3820,model_development,Dropout
3821,model_development,Enrolled
3822,policy_validation,Dropout
3823,model_development,Graduate
3824,model_development,Dropout
3825,historical_holdout,Enrolled
3826,model_development,Dropout
3827,model_development,Dropout
3828,model_development,Graduate
3829,historical_holdout,Dropout
3830,model_development,Dropout
3831,policy_validation,Graduate
3832,historical_holdout,Enrolled
3833,model_development,Enrolled
3834,policy_validation,Dropout
3835,historical_holdout,Graduate
3836,model_development,Dropout
3837,policy_validation,Dropout
3838,policy_validation,Dropout
3839,model_development,Dropout
3840,model_development,Dropout
3841,model_development,Enrolled
3842,model_development,Enrolled
3843,model_development,Dropout
3844,historical_holdout,Dropout
3845,model_development,Graduate
3846,model_development,Dropout
3847,policy_validation,Dropout
3848,historical_holdout,Dropout
3849,historical_holdout,Dropout
3850,model_development,Graduate
3851,model_development,Dropout
3852,model_development,Dropout
3853,model_development,Dropout
3854,model_development,Dropout
3855,model_development,Dropout
3856,model_development,Graduate
3857,model_development,Graduate
3858,model_development,Graduate
3859,historical_holdout,Dropout
3860,model_development,Dropout
3861,historical_holdout,Dropout
3862,model_development,Dropout
3863,model_development,Graduate
3864,policy_validation,Graduate
3865,model_development,Dropout
3866,model_development,Dropout
3867,historical_holdout,Dropout
3868,model_development,Graduate
3869,model_development,Graduate
3870,model_development,Dropout
3871,model_development,Graduate
3872,model_development,Graduate
3873,policy_validation,Graduate
3874,model_development,Dropout
3875,model_development,Dropout
3876,historical_holdout,Dropout
3877,policy_validation,Dropout
3878,model_development,Graduate
3879,model_development,Graduate
3880,model_development,Graduate
3881,model_development,Graduate
3882,model_development,Graduate
3883,historical_holdout,Dropout
3884,policy_validation,Graduate
3885,model_development,Graduate
3886,historical_holdout,Graduate
3887,model_development,Enrolled
3888,model_development,Enrolled
3889,model_development,Graduate
3890,model_development,Graduate
3891,model_development,Enrolled
3892,historical_holdout,Enrolled
3893,model_development,Graduate
3894,model_development,Dropout
3895,model_development,Enrolled
3896,historical_holdout,Graduate
3897,historical_holdout,Enrolled
3898,historical_holdout,Graduate
3899,model_development,Graduate
3900,policy_validation,Enrolled
3901,model_development,Graduate
3902,policy_validation,Enrolled
3903,historical_holdout,Enrolled
3904,model_development,Dropout
3905,model_development,Dropout
3906,policy_validation,Graduate
3907,historical_holdout,Graduate
3908,policy_validation,Enrolled
3909,historical_holdout,Graduate
3910,historical_holdout,Dropout
3911,model_development,Enrolled
3912,model_development,Graduate
3913,policy_validation,Graduate
3914,model_development,Graduate
3915,model_development,Dropout
3916,model_development,Graduate
3917,model_development,Graduate
3918,historical_holdout,Graduate
3919,historical_holdout,Enrolled
3920,historical_holdout,Graduate
3921,model_development,Graduate
3922,historical_holdout,Graduate
3923,model_development,Graduate
3924,policy_validation,Graduate
3925,model_development,Enrolled
3926,model_development,Enrolled
3927,historical_holdout,Graduate
3928,historical_holdout,Dropout
3929,model_development,Graduate
3930,historical_holdout,Enrolled
3931,historical_holdout,Graduate
3932,model_development,Graduate
3933,model_development,Graduate
3934,model_development,Enrolled
3935,historical_holdout,Dropout
3936,historical_holdout,Enrolled
3937,model_development,Dropout
3938,historical_holdout,Enrolled
3939,model_development,Graduate
3940,model_development,Graduate
3941,policy_validation,Enrolled
3942,model_development,Dropout
3943,historical_holdout,Graduate
3944,model_development,Dropout
3945,policy_validation,Dropout
3946,historical_holdout,Graduate
3947,policy_validation,Graduate
3948,historical_holdout,Dropout
3949,model_development,Graduate
3950,policy_validation,Graduate
3951,model_development,Dropout
3952,policy_validation,Dropout
3953,policy_validation,Graduate
3954,policy_validation,Graduate
3955,historical_holdout,Dropout
3956,model_development,Dropout
3957,model_development,Graduate
3958,model_development,Graduate
3959,model_development,Graduate
3960,policy_validation,Graduate
3961,model_development,Dropout
3962,model_development,Graduate
3963,model_development,Graduate
3964,model_development,Graduate
3965,model_development,Dropout
3966,policy_validation,Graduate
3967,policy_validation,Dropout
3968,policy_validation,Enrolled
3969,model_development,Graduate
3970,model_development,Graduate
3971,historical_holdout,Graduate
3972,historical_holdout,Graduate
3973,historical_holdout,Graduate
3974,model_development,Graduate
3975,model_development,Graduate
3976,policy_validation,Graduate
3977,model_development,Graduate
3978,model_development,Graduate
3979,historical_holdout,Graduate
3980,policy_validation,Enrolled
3981,model_development,Graduate
3982,policy_validation,Graduate
3983,policy_validation,Graduate
3984,historical_holdout,Graduate
3985,policy_validation,Dropout
3986,model_development,Graduate
3987,model_development,Graduate
3988,policy_validation,Graduate
3989,model_development,Graduate
3990,policy_validation,Graduate
3991,policy_validation,Graduate
3992,policy_validation,Dropout
3993,policy_validation,Graduate
3994,historical_holdout,Graduate
3995,policy_validation,Graduate
3996,historical_holdout,Dropout
3997,model_development,Dropout
3998,historical_holdout,Graduate
3999,model_development,Dropout
4000,historical_holdout,Dropout
4001,model_development,Dropout
4002,policy_validation,Dropout
4003,policy_validation,Graduate
4004,historical_holdout,Graduate
4005,policy_validation,Graduate
4006,model_development,Dropout
4007,historical_holdout,Graduate
4008,model_development,Dropout
4009,model_development,Dropout
4010,model_development,Dropout
4011,historical_holdout,Dropout
4012,model_development,Enrolled
4013,historical_holdout,Dropout
4014,historical_holdout,Graduate
4015,policy_validation,Graduate
4016,historical_holdout,Dropout
4017,policy_validation,Dropout
4018,policy_validation,Dropout
4019,historical_holdout,Graduate
4020,model_development,Graduate
4021,historical_holdout,Dropout
4022,model_development,Graduate
4023,historical_holdout,Graduate
4024,model_development,Dropout
4025,model_development,Enrolled
4026,model_development,Enrolled
4027,historical_holdout,Graduate
4028,model_development,Dropout
4029,model_development,Graduate
4030,model_development,Dropout
4031,model_development,Graduate
4032,model_development,Enrolled
4033,policy_validation,Graduate
4034,historical_holdout,Dropout
4035,historical_holdout,Dropout
4036,model_development,Dropout
4037,policy_validation,Graduate
4038,historical_holdout,Enrolled
4039,model_development,Graduate
4040,model_development,Graduate
4041,model_development,Graduate
4042,historical_holdout,Graduate
4043,model_development,Graduate
4044,model_development,Enrolled
4045,historical_holdout,Graduate
4046,model_development,Dropout
4047,policy_validation,Graduate
4048,model_development,Graduate
4049,model_development,Graduate
4050,model_development,Graduate
4051,historical_holdout,Dropout
4052,policy_validation,Graduate
4053,model_development,Dropout
4054,model_development,Enrolled
4055,model_development,Graduate
4056,historical_holdout,Dropout
4057,policy_validation,Graduate
4058,model_development,Enrolled
4059,policy_validation,Graduate
4060,policy_validation,Dropout
4061,model_development,Graduate
4062,historical_holdout,Graduate
4063,historical_holdout,Graduate
4064,model_development,Graduate
4065,model_development,Enrolled
4066,model_development,Enrolled
4067,policy_validation,Graduate
4068,model_development,Dropout
4069,policy_validation,Graduate
4070,policy_validation,Graduate
4071,model_development,Graduate
4072,model_development,Dropout
4073,model_development,Enrolled
4074,model_development,Graduate
4075,policy_validation,Graduate
4076,model_development,Dropout
4077,model_development,Graduate
4078,historical_holdout,Dropout
4079,model_development,Graduate
4080,model_development,Enrolled
4081,policy_validation,Dropout
4082,historical_holdout,Enrolled
4083,historical_holdout,Enrolled
4084,model_development,Graduate
4085,model_development,Dropout
4086,historical_holdout,Dropout
4087,model_development,Graduate
4088,model_development,Enrolled
4089,model_development,Enrolled
4090,model_development,Dropout
4091,model_development,Graduate
4092,model_development,Dropout
4093,model_development,Dropout
4094,historical_holdout,Graduate
4095,model_development,Graduate
4096,model_development,Graduate
4097,policy_validation,Graduate
4098,model_development,Graduate
4099,model_development,Dropout
4100,model_development,Dropout
4101,policy_validation,Enrolled
4102,model_development,Graduate
4103,model_development,Graduate
4104,policy_validation,Enrolled
4105,model_development,Graduate
4106,model_development,Graduate
4107,model_development,Graduate
4108,model_development,Dropout
4109,model_development,Graduate
4110,model_development,Graduate
4111,policy_validation,Graduate
4112,model_development,Graduate
4113,historical_holdout,Graduate
4114,model_development,Dropout
4115,model_development,Graduate
4116,model_development,Enrolled
4117,model_development,Enrolled
4118,policy_validation,Graduate
4119,model_development,Graduate
4120,historical_holdout,Graduate
4121,model_development,Graduate
4122,model_development,Graduate
4123,model_development,Graduate
4124,model_development,Graduate
4125,model_development,Enrolled
4126,model_development,Enrolled
4127,historical_holdout,Enrolled
4128,model_development,Graduate
4129,historical_holdout,Graduate
4130,historical_holdout,Graduate
4131,model_development,Graduate
4132,historical_holdout,Graduate
4133,policy_validation,Enrolled
4134,model_development,Enrolled
4135,policy_validation,Graduate
4136,historical_holdout,Graduate
4137,model_development,Graduate
4138,policy_validation,Graduate
4139,model_development,Dropout
4140,policy_validation,Graduate
4141,model_development,Dropout
4142,model_development,Dropout
4143,policy_validation,Graduate
4144,model_development,Enrolled
4145,model_development,Enrolled
4146,model_development,Dropout
4147,model_development,Dropout
4148,model_development,Enrolled
4149,model_development,Enrolled
4150,historical_holdout,Graduate
4151,historical_holdout,Graduate
4152,model_development,Graduate
4153,policy_validation,Graduate
4154,policy_validation,Enrolled
4155,model_development,Dropout
4156,model_development,Graduate
4157,model_development,Enrolled
4158,model_development,Dropout
4159,policy_validation,Graduate
4160,policy_validation,Graduate
4161,policy_validation,Graduate
4162,model_development,Enrolled
4163,model_development,Dropout
4164,model_development,Graduate
4165,model_development,Dropout
4166,model_development,Graduate
4167,historical_holdout,Enrolled
4168,model_development,Graduate
4169,model_development,Graduate
4170,historical_holdout,Dropout
4171,historical_holdout,Enrolled
4172,model_development,Enrolled
4173,model_development,Enrolled
4174,historical_holdout,Graduate
4175,policy_validation,Graduate
4176,historical_holdout,Graduate
4177,model_development,Graduate
4178,historical_holdout,Enrolled
4179,historical_holdout,Graduate
4180,model_development,Graduate
4181,historical_holdout,Enrolled
4182,historical_holdout,Dropout
4183,model_development,Dropout
4184,model_development,Graduate
4185,historical_holdout,Graduate
4186,model_development,Enrolled
4187,model_development,Enrolled
4188,model_development,Graduate
4189,policy_validation,Graduate
4190,historical_holdout,Graduate
4191,policy_validation,Dropout
4192,model_development,Enrolled
4193,model_development,Enrolled
4194,model_development,Graduate
4195,historical_holdout,Dropout
4196,historical_holdout,Graduate
4197,model_development,Graduate
4198,model_development,Graduate
4199,policy_validation,Enrolled
4200,model_development,Graduate
4201,model_development,Graduate
4202,model_development,Graduate
4203,model_development,Enrolled
4204,policy_validation,Graduate
4205,historical_holdout,Dropout
4206,historical_holdout,Graduate
4207,model_development,Graduate
4208,model_development,Graduate
4209,historical_holdout,Dropout
4210,historical_holdout,Graduate
4211,policy_validation,Graduate
4212,model_development,Graduate
4213,model_development,Graduate
4214,historical_holdout,Graduate
4215,model_development,Graduate
4216,model_development,Dropout
4217,policy_validation,Dropout
4218,historical_holdout,Graduate
4219,policy_validation,Enrolled
4220,model_development,Graduate
4221,historical_holdout,Dropout
4222,model_development,Graduate
4223,model_development,Graduate
4224,model_development,Graduate
4225,model_development,Graduate
4226,policy_validation,Graduate
4227,model_development,Dropout
4228,model_development,Graduate
4229,model_development,Enrolled
4230,policy_validation,Dropout
4231,historical_holdout,Graduate
4232,model_development,Enrolled
4233,model_development,Dropout
4234,policy_validation,Graduate
4235,policy_validation,Enrolled
4236,historical_holdout,Enrolled
4237,model_development,Graduate
4238,policy_validation,Enrolled
4239,historical_holdout,Dropout
4240,model_development,Graduate
4241,policy_validation,Graduate
4242,policy_validation,Dropout
4243,policy_validation,Dropout
4244,model_development,Enrolled
4245,policy_validation,Dropout
4246,model_development,Dropout
4247,historical_holdout,Dropout
4248,historical_holdout,Graduate
4249,policy_validation,Dropout
4250,model_development,Graduate
4251,policy_validation,Dropout
4252,policy_validation,Dropout
4253,model_development,Graduate
4254,model_development,Dropout
4255,model_development,Dropout
4256,model_development,Dropout
4257,model_development,Graduate
4258,policy_validation,Enrolled
4259,model_development,Graduate
4260,historical_holdout,Dropout
4261,model_development,Dropout
4262,policy_validation,Dropout
4263,model_development,Graduate
4264,model_development,Dropout
4265,policy_validation,Graduate
4266,model_development,Graduate
4267,model_development,Enrolled
4268,model_development,Graduate
4269,policy_validation,Dropout
4270,historical_holdout,Enrolled
4271,policy_validation,Graduate
4272,model_development,Dropout
4273,historical_holdout,Graduate
4274,model_development,Enrolled
4275,model_development,Enrolled
4276,model_development,Enrolled
4277,historical_holdout,Dropout
4278,model_development,Dropout
4279,historical_holdout,Graduate
4280,model_development,Dropout
4281,policy_validation,Dropout
4282,model_development,Enrolled
4283,model_development,Dropout
4284,model_development,Dropout
4285,model_development,Enrolled
4286,model_development,Enrolled
4287,historical_holdout,Graduate
4288,policy_validation,Graduate
4289,policy_validation,Dropout
4290,model_development,Graduate
4291,policy_validation,Graduate
4292,historical_holdout,Graduate
4293,model_development,Graduate
4294,policy_validation,Dropout
4295,policy_validation,Graduate
4296,policy_validation,Enrolled
4297,policy_validation,Graduate
4298,model_development,Graduate
4299,policy_validation,Dropout
4300,model_development,Dropout
4301,policy_validation,Graduate
4302,model_development,Dropout
4303,model_development,Dropout
4304,model_development,Dropout
4305,policy_validation,Dropout
4306,model_development,Dropout
4307,historical_holdout,Dropout
4308,model_development,Dropout
4309,policy_validation,Dropout
4310,model_development,Graduate
4311,model_development,Graduate
4312,historical_holdout,Enrolled
4313,historical_holdout,Dropout
4314,policy_validation,Graduate
4315,model_development,Dropout
4316,policy_validation,Dropout
4317,historical_holdout,Graduate
4318,historical_holdout,Graduate
4319,model_development,Graduate
4320,policy_validation,Graduate
4321,historical_holdout,Enrolled
4322,model_development,Enrolled
4323,historical_holdout,Dropout
4324,historical_holdout,Dropout
4325,model_development,Graduate
4326,historical_holdout,Graduate
4327,policy_validation,Dropout
4328,policy_validation,Dropout
4329,model_development,Dropout
4330,model_development,Graduate
4331,model_development,Dropout
4332,model_development,Dropout
4333,model_development,Graduate
4334,model_development,Dropout
4335,historical_holdout,Graduate
4336,model_development,Enrolled
4337,model_development,Enrolled
4338,model_development,Graduate
4339,policy_validation,Enrolled
4340,policy_validation,Graduate
4341,model_development,Graduate
4342,model_development,Graduate
4343,model_development,Dropout
4344,model_development,Enrolled
4345,policy_validation,Dropout
4346,model_development,Graduate
4347,model_development,Dropout
4348,historical_holdout,Dropout
4349,model_development,Graduate
4350,policy_validation,Graduate
4351,model_development,Graduate
4352,model_development,Graduate
4353,historical_holdout,Dropout
4354,model_development,Graduate
4355,policy_validation,Enrolled
4356,model_development,Graduate
4357,model_development,Dropout
4358,model_development,Dropout
4359,historical_holdout,Dropout
4360,model_development,Graduate
4361,model_development,Graduate
4362,model_development,Graduate
4363,policy_validation,Graduate
4364,model_development,Dropout
4365,model_development,Enrolled
4366,model_development,Graduate
4367,model_development,Graduate
4368,model_development,Graduate
4369,model_development,Dropout
4370,policy_validation,Enrolled
4371,policy_validation,Graduate
4372,historical_holdout,Graduate
4373,policy_validation,Dropout
4374,historical_holdout,Enrolled
4375,model_development,Graduate
4376,model_development,Dropout
4377,model_development,Graduate
4378,model_development,Dropout
4379,model_development,Graduate
4380,model_development,Dropout
4381,model_development,Dropout
4382,model_development,Enrolled
4383,model_development,Graduate
4384,model_development,Graduate
4385,historical_holdout,Dropout
4386,model_development,Dropout
4387,historical_holdout,Dropout
4388,model_development,Dropout
4389,policy_validation,Dropout
4390,model_development,Graduate
4391,model_development,Graduate
4392,model_development,Enrolled
4393,historical_holdout,Enrolled
4394,model_development,Graduate
4395,policy_validation,Graduate
4396,model_development,Dropout
4397,historical_holdout,Graduate
4398,model_development,Enrolled
4399,policy_validation,Graduate
4400,model_development,Graduate
4401,policy_validation,Dropout
4402,model_development,Dropout
4403,historical_holdout,Enrolled
4404,policy_validation,Graduate
4405,model_development,Dropout
4406,policy_validation,Graduate
4407,model_development,Enrolled
4408,historical_holdout,Graduate
4409,model_development,Dropout
4410,model_development,Graduate
4411,policy_validation,Graduate
4412,policy_validation,Dropout
4413,model_development,Enrolled
4414,model_development,Enrolled
4415,model_development,Graduate
4416,historical_holdout,Dropout
4417,historical_holdout,Graduate
4418,policy_validation,Graduate
4419,policy_validation,Graduate
4420,policy_validation,Graduate
4421,model_development,Dropout
4422,policy_validation,Dropout
4423,policy_validation,Graduate
4424,model_development,Graduate
